Unnamed: 0,id,acousticness,danceability,duration_ms,energy,instrumentalness,key,liveness,loudness,mode,speechiness,tempo,time_signature,valence,track_popularity,artist_popularity,year,hit
2,4fwOJjucGyAIIAMgl5heL1,0.0005809999999999999,0.574,193905,0.857,2.81e-06,6,0.0716,-3.699,1,0.0779,138.144,4,0.54,45,42.0,2019,0
6,4t2oHD86J1SzsoNCtS1OgB,0.0836,0.6970000000000001,257913,0.51,0.0,7,0.112,-7.923999999999999,0,0.0409,130.005,4,0.121,47,55.0,2019,0
7,3IqHzcXy7IsYYND6lKwPAi,0.00039,0.354,207986,0.942,6.36e-06,7,0.431,-3.245,1,0.237,119.992,4,0.242,8,77.0,2018,0
14,42q9VqB8ooQE5yn3mup3h8,0.892,0.487,314763,0.12,0.853,10,0.0996,-20.964,1,0.04,56.822,4,0.131,53,40.0,2018,0
17,1XrEY8nz2P4L9rVoq9MdXs,0.987,0.34700000000000003,228403,0.151,0.958,1,0.13,-13.445,1,0.0321,70.602,4,0.087,52,39.0,2018,0
21,76V5fM0JeTLO7LNIRiCtzr,0.00625,0.67,392720,0.69,0.189,9,0.112,-7.153,1,0.0287,92.985,4,0.674,39,45.6666666666667,2019,0
24,1sQBPGypjSgEgJZvD8u8ty,0.259,0.397,292884,0.507,0.0447,11,0.142,-9.026,1,0.0605,74.737,4,0.363,69,64.0,2019,0
26,2Ife34IbdJdFOA72CwCBhT,0.00015900000000000002,0.446,209700,0.951,0.013,10,0.28600000000000003,-8.165,1,0.0887,99.977,4,0.188,35,29.0,2019,0
27,6S5dMjMifQYmyTu1mX4f8P,0.0319,0.73,127028,0.38,4.93e-05,11,0.12,-8.558,0,0.0988,114.973,4,0.32299999999999995,76,83.0,2019,0
31,2B7UWqNqKgPVGQQ6FXn2PP,0.14800000000000002,0.7340000000000001,206946,0.511,0.0,0,0.29,-4.905,0,0.0592,124.995,4,0.727,73,76.5,2019,0
32,5jlLBqK31dOqXECKn3jlMX,0.0546,0.784,225036,0.416,2.1600000000000007e-05,7,0.112,-9.231,1,0.102,147.994,4,0.259,70,89.0,2019,0
33,5Cl9GDb0AyQnppRr6q7ldb,0.000954,0.526,200310,0.903,8.4e-05,2,0.111,-4.59,0,0.0444,144.017,4,0.45,59,63.0,2018,0
35,0jx10sJgrjmXhDI14fBI79,0.7829999999999999,0.608,207306,0.458,0.0485,8,0.125,-9.11,1,0.0456,156.088,4,0.3,39,47.0,2019,0
37,1wTGAYKtiXqvv3Ygk4AH51,0.0352,0.622,194280,0.7340000000000001,5.23e-05,3,0.211,-6.666,1,0.0362,115.807,4,0.8690000000000001,33,45.0,2019,0
42,1av0mpB1cI5Jl7FYSkZ6my,0.000204,0.397,248785,0.986,5.09e-05,1,0.331,-5.234,1,0.158,139.856,4,0.128,1,34.0,2019,0
43,29MB2RRm3ZAITHKDLc455C,0.0672,0.399,215293,0.562,0.701,2,0.0818,-10.836,1,0.0436,173.079,4,0.421,38,37.0,2019,0
47,6KbuhVL2TmxnBrrbJD4qXv,0.0678,0.753,249160,0.353,0.000587,6,0.0917,-10.935,0,0.0428,132.0,4,0.237,56,61.5,2019,0
50,4dMkVSiMt14svAqUlwMVuQ,0.00103,0.466,198144,0.954,2.94e-06,7,0.111,-5.077,1,0.333,198.049,4,0.325,53,50.0,2018,0
53,0Bx6ypXYU7E5Bvj1UQ86yh,3.46e-05,0.195,369290,0.973,7.900000000000001e-05,4,0.397,-8.007,1,0.105,100.355,4,0.0756,8,26.0,2019,0
54,4x52RNeFWZbcbWqt4tZCPI,0.00727,0.833,124865,0.745,0.0,1,0.0793,-7.859,1,0.19,100.031,4,0.599,53,59.0,2019,0
57,0UbDZyDh0QIgYpe2492mgi,0.194,0.483,240053,0.958,0.000123,0,0.0787,-4.751,1,0.229,146.488,4,0.8079999999999999,38,46.0,2019,0
58,4CMrdHWqic0usIZfTrKoI3,0.195,0.799,186586,0.301,0.0,7,0.0816,-11.361,1,0.185,100.026,4,0.511,80,83.0,2019,0
60,3slnbimQR8Gt8XMWhFw7L3,0.223,0.557,262346,0.933,0.00772,4,0.107,-4.871,0,0.0499,110.843,4,0.648,33,28.0,2019,0
63,6xQObuonHYg7NbuHngLlcg,0.0712,0.511,199622,0.556,0.0,0,0.0408,-6.4289999999999985,0,0.052000000000000005,92.393,4,0.404,57,72.5,2019,0
67,4Ffuaxb2asbct53VLeNNUM,0.988,0.418,221120,0.0184,0.931,1,0.0938,-27.007,0,0.0638,81.29,4,0.35,0,7.5,2019,0
69,2jXHoVTEIMadPXEImyvzmu,0.994,0.212,103826,0.247,0.805,3,0.126,-15.86,1,0.0348,150.865,3,0.0738,0,28.0,2019,0
73,03k3pTFdvFcZIyt6WgNIL4,0.909,0.35600000000000004,306111,0.21600000000000005,0.877,1,0.101,-21.862,0,0.0391,105.092,4,0.109,54,41.0,2019,0
75,3QmT40QBlxr4n5AxhOSxkf,0.0016300000000000002,0.28300000000000003,481125,0.944,0.234,11,0.101,-7.202000000000001,0,0.18,147.989,4,0.0681,6,44.0,2019,0
77,2G2WsFEP8lqYr8vg1mPtyI,0.00124,0.607,181270,0.962,5.26e-06,1,0.139,-3.072,1,0.0575,120.055,4,0.795,47,41.0,2019,0
83,0revN4noqfEwuc8Vzn73kq,0.306,0.726,196533,0.693,0.0,9,0.12,-5.617000000000001,0,0.355,99.19,4,0.536,56,64.0,2019,0
90,1oXyi0HbT4C7ZUYRBSxFIt,0.989,0.374,53620,0.365,0.7659999999999999,9,0.135,-20.056,0,0.0423,88.874,5,0.224,0,59.5,2019,0
93,07IBaCvg4ommhmahLRHLT5,0.104,0.754,262925,0.359,4.71e-05,3,0.22,-7.732,1,0.0635,113.97,4,0.468,61,66.0,2019,0
94,7KcpmtSof6pkzDKRjn8MTm,2.34e-06,0.307,135721,0.992,0.7509999999999999,1,0.0634,-6.152,0,0.0813,169.921,4,0.337,31,44.0,2019,0
99,57yI1u6t6cFXbjgjQcRHug,8.63e-05,0.512,227266,0.952,4.16e-05,9,0.0544,-3.285,0,0.16699999999999998,122.988,4,0.17,72,77.0,2019,0
101,3EZM1AZWfkiSEkLecEe3UP,6.96e-05,0.297,256038,0.968,3.08e-05,6,0.238,-7.659,1,0.151,130.056,4,0.244,37,24.0,2019,0
102,2seZ8ZHnD5RQBkhT8RsBZu,0.974,0.474,377320,0.112,0.873,0,0.112,-17.762,1,0.0297,106.514,4,0.116,54,44.0,2018,0
103,0MoGkelRvi3gxZy6kuYHLq,0.438,0.665,255455,0.506,9.8e-06,8,0.104,-10.872,0,0.0462,132.032,4,0.21600000000000005,62,80.5,2019,0
104,14EXZEog1hW97d6yz8ejih,0.000505,0.311,251512,0.959,0.00012,6,0.328,-5.104,0,0.107,149.406,3,0.336,59,51.0,2019,0
105,5KVm5VkfweimhXkvFbR4YB,0.244,0.728,183493,0.628,4.370000000000001e-05,5,0.0706,-8.04,1,0.0299,101.502,4,0.7090000000000001,3,68.0,2019,0
108,0eSQFIK9NhX4740w0v0SCj,0.00336,0.343,259720,0.901,8.72e-06,7,0.258,-4.298,1,0.0444,174.134,4,0.6679999999999999,2,62.0,2019,0
110,2w2XmZLVvSSb30Dkkfeq2X,0.32,0.604,177056,0.328,5.44e-05,11,0.118,-9.478,1,0.212,68.718,4,0.338,63,71.0,2019,0
111,64kDGEpOWlkv2l6x4TVNOs,0.0108,0.528,187371,0.861,0.0,2,0.268,-4.309,1,0.0518,95.02,4,0.591,50,66.0,2018,0
113,4FQmCfwrpyVigjhbPpZsOo,0.00298,0.598,273893,0.6829999999999999,0.0252,6,0.305,-7.747999999999998,0,0.0419,116.923,3,0.591,35,33.5,2019,0
114,5I9JpRapHDULuFxOqkjP5m,0.0388,0.39,202000,0.472,0.0,10,0.111,-6.154,1,0.0357,119.548,4,0.163,67,93.0,2019,0
119,36vGWsPoTnPTRDthSBFsIh,0.703,0.266,217978,0.483,0.0,6,0.118,-4.686,0,0.0316,195.93400000000003,3,0.478,56,63.0,2019,0
120,6wHZbjc6EiEL2guFMKuyCZ,0.000282,0.401,331666,0.99,0.792,3,0.0881,-6.831,1,0.125,145.995,4,0.0299,10,41.0,2019,0
121,4NAhOoe6Tp5SU4z0r7Nygx,0.913,0.389,528946,0.16899999999999998,0.0781,10,0.114,-14.333,1,0.0453,77.79,3,0.18600000000000005,59,54.0,2019,0
126,0hTQrLYFYI6Eth78YTDNpO,0.994,0.315,196560,0.0553,0.892,11,0.156,-29.237,1,0.0503,92.608,3,0.268,0,29.5,2019,0
130,4FFoe2nBCMFaUxK1o27jP0,0.00919,0.326,257773,0.774,0.0009789999999999998,0,0.0816,-5.757999999999999,1,0.0376,153.66299999999995,3,0.416,32,45.0,2019,0
133,72ifQVuWpUuPfAskmKXB9F,0.747,0.6559999999999999,183240,0.284,3.77e-06,0,0.13,-8.192,0,0.0541,70.055,4,0.5,37,45.0,2019,0
134,3kOEOG3Du6XtJmSkB7pGaZ,0.00134,0.5870000000000001,191252,0.871,0.0,5,0.266,-3.695,1,0.0376,97.013,4,0.669,58,69.0,2019,0
137,51utzcuw1SxGYh92nmbFrm,0.648,0.778,186109,0.691,1.94e-05,9,0.124,-6.098,1,0.35100000000000003,123.905,4,0.41,29,58.0,2019,0
140,0glr1BX8Zy81l4HvLpmozl,0.963,0.515,379533,0.0283,0.927,9,0.0906,-28.954,1,0.0402,100.598,4,0.0886,19,50.0,2018,0
141,0LAtAbJkimOc9aV9CRTrZy,0.994,0.317,583093,0.035,0.898,8,0.0755,-25.061,1,0.0384,133.959,4,0.0483,7,67.0,2019,0
142,3bv4j1lmo6yVChahz9crt3,0.845,0.394,608186,0.25,0.93,0,0.127,-16.804000000000002,0,0.0327,115.451,4,0.0903,57,44.0,2019,0
146,13yUPnv0lTvnK1XEdvyp2A,0.00241,0.403,443187,0.956,1.6899999999999994e-05,11,0.23,-5.335,0,0.0752,147.06799999999996,3,0.29100000000000004,1,25.0,2019,0
149,1y0FhVFVZ2eG82sn0M7H7v,0.976,0.442,436000,0.0595,0.909,5,0.102,-18.279,1,0.0328,99.034,4,0.102,55,42.0,2019,0
151,2aFsfzUuXuxDr4xo8ndfUt,1.65e-05,0.468,222733,0.8190000000000001,4.51e-06,8,0.0715,-3.855,0,0.0459,92.009,4,0.465,51,45.0,2019,0
152,4u3vSh4RPUNvZG5Ns61pZs,0.202,0.7040000000000001,173285,0.524,0.0013800000000000002,6,0.104,-9.266,0,0.0704,91.437,4,0.5489999999999999,55,52.0,2019,0
153,7GZKme55JpmLq3alBDQm11,0.00168,0.56,197640,0.7509999999999999,5.22e-05,4,0.168,-6.022,0,0.0364,93.969,4,0.177,57,74.0,2017,0
156,7cdqv6XfTVx1vhMT8Py3Yg,0.3,0.674,197462,0.415,0.0,9,0.0981,-7.403,0,0.0709,73.965,4,0.632,56,49.0,2019,0
157,0h8HuJimNAT1nbzDKWqgRr,0.615,0.0738,401332,0.226,0.847,5,0.655,-18.082,0,0.0448,79.904,3,0.037000000000000005,0,23.1875,2019,0
158,4V55s6F1gA9SsoukYCwIkN,0.0526,0.722,183628,0.92,0.0,2,0.617,-2.8080000000000003,1,0.0773,99.972,4,0.256,46,50.0,2018,0
160,2fpVvARsopfxhvNaUMwvS6,0.75,0.502,199836,0.514,0.0,1,0.145,-6.271,0,0.301,77.262,4,0.49,62,67.5,2019,0
165,14JAGLLamVp9p3EJaRYPfj,0.821,0.419,344053,0.184,0.628,0,0.0919,-21.864,1,0.0307,110.186,4,0.155,56,43.0,2019,0
166,6XRgC4KAp4upKu0v7H4tQo,0.015,0.606,177002,0.679,0.000427,2,0.234,-7.445,1,0.0321,122.012,4,0.705,59,78.0,2019,0
167,2Bs5JUVJz4BELXtCz01U3f,0.99,0.23,198946,0.0728,0.937,10,0.0967,-23.403,1,0.0413,132.251,4,0.105,53,54.0,2019,0
168,6PMikWb3yXQbrW8iaoIwQu,0.0008759999999999999,0.7809999999999999,274490,0.564,0.00014,9,0.361,-6.685,1,0.0271,114.007,4,0.809,29,37.0,2018,0
172,1GIYmwtBbPSHrqcSaukZck,0.0607,0.62,232733,0.613,0.0,0,0.117,-5.83,1,0.0795,82.43,4,0.483,79,92.5,2019,0
174,4fazzVyKIoCqzBGBlnNK26,2.55e-05,0.306,214000,0.958,0.0,6,0.421,-5.194,1,0.0667,180.07,4,0.669,33,38.0,2019,0
177,0gpuKeCH1xlcZ7fR9YWZZE,7.340000000000001e-05,0.277,331043,0.997,0.00259,2,0.301,-2.8360000000000003,1,0.185,112.06,4,0.0662,14,18.0,2019,0
179,2S9vwztrbTtQzplp0y2QBQ,0.0235,0.42,353805,0.8759999999999999,0.000146,6,0.157,-5.35,0,0.098,119.091,4,0.117,57,63.0,2019,0
182,4VpPPvQCAn0nySLC4IiLHy,0.000192,0.438,263000,0.96,0.413,1,0.146,-6.945,1,0.0795,106.041,4,0.071,27,38.0,2019,0
184,1NqH3H7CX9ffRcCc7bnKvS,0.00245,0.5539999999999999,244480,0.8909999999999999,0.0356,8,0.266,-7.215,1,0.0621,96.053,4,0.441,61,68.0,2018,0
185,6WoyghnMAvDDRbZfFbpwEo,0.00359,0.594,218054,0.959,1.34e-05,7,0.101,-4.697,1,0.0486,110.979,4,0.381,64,68.0,2017,0
187,3Cncux8bkkotn9ysOrK9bt,5.78e-06,0.33,484466,0.983,0.0541,7,0.485,-6.64,1,0.152,139.942,4,0.104,12,14.0,2019,0
189,21mmpyooSVgUCZfUdasDHY,0.000935,0.5539999999999999,198545,0.993,0.0174,2,0.263,-4.195,1,0.125,110.005,4,0.0921,32,26.0,2019,0
190,07BmM24UshepfB2PeBxu7Y,0.968,0.349,292413,0.123,0.375,1,0.275,-14.247,1,0.0333,45.646,4,0.138,55,44.0,2019,0
191,5H1H2gRlCaB0mj961DCuFT,0.177,0.826,211487,0.502,0.0,9,0.0774,-7.327000000000001,0,0.0705,136.609,4,0.924,53,43.0,2019,0
198,2YpZldkfFgYIJf1qdbmc8G,3.57e-06,0.168,329000,0.731,0.937,1,0.418,-12.012,1,0.0811,114.993,4,0.0917,29,20.0,2019,0
200,7jb001ezc2eRCVrAJ4HYNq,0.121,0.597,189717,0.713,0.0104,6,0.282,-8.087,0,0.0336,95.712,4,0.7709999999999999,6,25.0,2019,0
201,1Gv8NYJeqQNXXrYQ1c1r4e,0.755,0.6729999999999999,260521,0.353,7.58e-05,10,0.115,-7.74,0,0.0638,119.77,3,0.458,48,39.0,2019,0
202,1OuEldSyVTWRylOx46na3o,0.487,0.787,283852,0.532,0.00194,7,0.0953,-9.496,0,0.0261,98.384,4,0.789,41,35.0,2019,0
207,6qTF7EjSSecc1rip7xckgN,0.858,0.515,381050,0.184,0.18,0,0.12,-16.969,1,0.0426,122.744,3,0.218,55,42.0,2018,0
208,6Ei2gpD1MwqQGVh7DEXnqZ,8.97e-05,0.455,231400,0.951,6.91e-06,8,0.303,-4.801,1,0.0806,165.041,4,0.6809999999999999,1,47.0,2018,0
210,3tOqWMewWpnRUAWMPAcnrF,0.994,0.458,208874,0.0529,0.952,9,0.0869,-21.002,1,0.051,106.937,4,0.217,6,60.0,2019,0
211,2r3dQilQpgjPbRomN7GAvD,0.921,0.433,322080,0.217,0.7140000000000001,9,0.096,-13.799,1,0.0343,105.96,3,0.179,52,39.75,2017,0
212,76Bk0cDFzg1ljHQpY0SUqV,0.782,0.446,258226,0.188,0.117,7,0.107,-17.202,0,0.0302,107.117,4,0.098,53,46.0,2018,0
215,782CIMTujSmNFrRuAVhsqd,0.036000000000000004,0.743,135120,0.31,0.0251,2,0.183,-10.016,1,0.0554,95.993,4,0.171,69,83.0,2019,0
216,5adNkxFBgFYu3N6m8J6muG,0.92,0.326,292444,0.156,0.6759999999999999,2,0.171,-14.116,0,0.0307,75.458,4,0.159,57,55.0,2018,0
217,6TQkEzHzTtG2jO6TqPIIMc,0.000982,0.51,219200,0.943,2.19e-05,11,0.49,-3.0980000000000003,0,0.0553,93.498,4,0.557,51,42.0,2019,0
219,4BopLkm0TFvregWWVI1Qtl,0.915,0.14,198440,0.07,0.924,7,0.179,-20.513,1,0.0339,80.521,3,0.0399,0,71.0,2019,0
225,7EEaV81pUNKvqsTrEHGoQH,5.45e-05,0.466,197834,0.8640000000000001,0.0,3,0.234,-5.586,0,0.0976,138.075,4,0.481,63,61.0,2018,0
232,6Q1m1GyNxyOwZ2ud3p7XoS,0.000311,0.546,153613,0.945,0.0,1,0.7240000000000001,-4.399,1,0.0531,135.128,4,0.545,69,74.0,2019,0
235,1iG8AeszL0CUIp6ryOG1za,0.0031100000000000004,0.41,180810,0.972,3.4899999999999995e-05,8,0.631,-3.915,1,0.0831,147.969,4,0.302,2,38.0,2018,0
239,1ghvzmzpx2nnrbx7wtpMgo,0.318,0.917,165733,0.657,3.62e-06,8,0.0754,-5.716,1,0.0921,131.03,4,0.818,73,84.0,2019,0
243,6VI0fsTK866vxvlLaGgkD2,3.53e-06,0.187,484373,0.99,0.423,5,0.134,-4.654,0,0.117,134.966,4,0.0558,34,29.0,2019,0
245,5zpqkOpg31ksUdhuqJ9CQU,0.799,0.403,387450,0.307,0.124,5,0.14300000000000002,-13.425999999999998,1,0.0357,119.845,4,0.371,51,41.0,2017,0
251,4buvQTS32WxBHVL0Sip90N,0.971,0.34700000000000003,387912,0.0735,0.852,3,0.086,-21.444000000000006,1,0.0409,133.165,4,0.343,0,38.0,2019,0
252,5Ck2pBM8zZNIjIxeiEiVvy,0.93,0.36,198374,0.0823,9.62e-06,2,0.121,-9.893,1,0.038,136.40200000000002,4,0.134,62,59.0,2019,0
254,3Du6Vshku1yMicu8Vm5yOp,5.6299999999999986e-05,0.287,228389,0.942,0.198,1,0.325,-7.23,0,0.0785,102.489,4,0.34700000000000003,58,67.0,2019,0
256,40ZUYrNTx4WAWN39VkrCOW,0.862,0.524,237853,0.364,8.25e-05,4,0.117,-11.715,1,0.08199999999999999,150.077,4,0.339,54,63.0,2019,0
258,05TFja7Cz5s1xD5HMAnIEx,0.153,0.703,213535,0.705,0.0,6,0.49,-3.984,0,0.154,140.934,4,0.708,63,61.6666666666667,2019,0
260,0zFBxmGGFbVIBdg9OSpUxM,0.00111,0.5820000000000001,214093,0.843,0.0,2,0.105,-5.6179999999999986,1,0.0401,128.991,4,0.446,43,74.0,2017,0
266,1mC0kUHfD8YzjffB8K4m5n,0.125,0.314,360312,0.743,0.0,11,0.363,-6.396,1,0.115,147.209,4,0.332,5,72.0,2019,0
270,3YNkyMBmgxqqyVypQPweIS,0.0482,0.5820000000000001,196863,0.936,9.13e-06,2,0.341,-3.427,1,0.0382,102.019,4,0.3720000000000001,59,77.0,2019,0
271,1WMn91p7f5XC7nOeddClml,0.77,0.725,187805,0.373,0.0,6,0.111,-6.497999999999998,0,0.0395,80.035,4,0.342,65,77.5,2019,0
272,3o8qZKigfY6WeEcHADAs3P,0.00171,0.493,280000,0.917,9.44e-05,0,0.13,-6.482,0,0.129,110.054,4,0.0373,35,34.0,2019,0
274,49vQNdC75cHdQ6JLsxGKPJ,0.75,0.484,316746,0.0231,0.853,0,0.0913,-28.641,0,0.0423,117.583,1,0.34700000000000003,51,40.0,2017,0
275,2lU7wi6V6RpYKYdelZqms6,1.25e-05,0.5529999999999999,184363,0.862,0.3,5,0.1,-7.952000000000001,0,0.056,110.047,4,0.191,47,49.0,2019,0
279,7EIQp9sfTNlf26Df6kHaMg,0.3670000000000001,0.621,225373,0.4,0.0395,2,0.0692,-9.383,0,0.0506,171.89,4,0.557,16,47.0,2019,0
281,2CqYEUz87EmtXLpu5QhjrQ,0.994,0.544,177196,0.0221,0.921,7,0.106,-21.88,0,0.0442,70.795,3,0.35200000000000004,59,46.0,2017,0
284,79QLJF7s9rE7M5QX5vtixF,0.993,0.586,250893,0.0204,0.961,2,0.084,-35.79,0,0.0374,131.971,3,0.132,58,77.0,2019,0
285,0Nqdv0Zu3A33BhEpPwfaIk,0.00956,0.43,387706,0.8140000000000001,0.151,3,0.0962,-5.079,1,0.0511,130.97299999999998,4,0.711,2,62.0,2019,0
290,1zowWjoCroDC3WZYxbrlNQ,0.935,0.459,433786,0.204,0.905,3,0.0969,-16.941,0,0.0365,108.573,3,0.1,53,40.0,2017,0
293,1opARDDYaOeE1QUdwXmBGu,0.29,0.6779999999999999,247546,0.438,0.0,9,0.0838,-8.847000000000003,0,0.0577,81.498,4,0.501,77,84.5,2019,0
295,3GqG5MAZomVJu7du7Tgolw,0.00417,0.523,186279,0.914,0.0,11,0.312,-4.942,0,0.0711,113.015,4,0.418,49,66.0,2018,0
298,0PNaOSs0FmEld1Cu1oczCT,0.989,0.537,187071,0.0108,0.883,1,0.105,-29.591,0,0.0443,140.034,4,0.257,0,68.0,2019,0
299,26gPtD8NNxHinUVG8y0krO,0.000102,0.446,150190,0.95,0.0,11,0.265,-4.499,0,0.0817,135.936,4,0.742,15,42.0,2019,0
301,6RZ8XyeLf77Qiby52iXW8b,1.19e-05,0.337,226500,0.98,0.0,10,0.282,-4.82,0,0.14,194.986,4,0.294,49,46.0,2019,0
302,5xJWvI6Fn1WsHBuEWC15n1,0.872,0.628,293666,0.511,0.00628,5,0.132,-12.458,1,0.0338,94.002,4,0.318,2,58.0,2019,0
305,0XXHKJqxoDfr5dzmqFlTVO,0.929,0.445,304293,0.14400000000000002,0.664,1,0.16399999999999998,-17.051,1,0.0367,138.898,5,0.206,16,42.0,2018,0
306,0WqNI4pN93epyGavKOHqgj,1.03e-05,0.48,167872,0.913,2.28e-05,8,0.116,-4.788,1,0.0803,129.981,4,0.262,60,71.0,2019,0
309,2DQ7V0O22CG2xIQ7WPAocr,0.00462,0.324,182280,0.856,0.0,0,0.14400000000000002,-5.112,0,0.127,167.153,4,0.125,51,54.0,2018,0
310,7lFKqNTLL7WbtPR4Y0uMD9,0.000643,0.18,300589,0.949,0.0197,7,0.328,-4.003,1,0.0627,101.451,4,0.219,0,25.0,2019,0
314,60v1yVEXdS3Yk4BVQ85tgK,0.925,0.17600000000000002,332000,0.0836,6.23e-05,10,0.201,-20.865,1,0.0481,71.842,1,0.0366,4,34.0,2019,0
316,211rvuRnkIpzd5lJNi0LBK,0.96,0.385,327306,0.1,0.198,2,0.11,-13.827,1,0.043,54.041,4,0.199,61,61.0,2019,0
317,7wkkqyXLQIXfIzHjgYPEHB,0.000735,0.414,270293,0.993,0.000207,5,0.142,-3.785,1,0.224,177.03900000000004,4,0.198,4,45.0,2019,0
320,7k51pIqTGEHHZOnpI11Qq2,0.35200000000000004,0.8059999999999999,195213,0.7829999999999999,0.0,5,0.14,-3.115,1,0.097,128.026,4,0.593,67,79.0,2019,0
325,7heLNmeoRu3f08qKTUqO9m,0.000889,0.459,308173,0.938,0.00671,7,0.25,-5.41,1,0.0948,198.056,4,0.11,42,48.0,2019,0
328,0Uu93Y0BiC2h01Al6QpvWY,0.973,0.478,388040,0.0757,0.939,5,0.108,-20.847,1,0.0505,76.952,4,0.233,12,54.0,2016,0
336,3SHauocJxTUGDFhcgPA1v1,0.0879,0.7759999999999999,187653,0.601,0.000305,11,0.353,-6.041,0,0.0487,82.48100000000002,4,0.416,55,73.0,2018,0
337,6lI60Z5UEtARdwQfdBYjuD,0.000181,0.539,180554,0.949,2.3800000000000006e-05,5,0.746,-4.23,0,0.0711,103.448,4,0.747,59,60.0,2016,0
340,7mI7673zp16u3bDHqIe3vD,0.00206,0.528,228626,0.785,0.907,6,0.105,-6.75,1,0.0285,89.992,4,0.329,34,21.0,2019,0
341,0Odu228D0yGcFySGuxU4rY,0.0511,0.464,221492,0.547,0.0,7,0.155,-8.137,0,0.339,67.003,4,0.423,77,90.5,2019,0
342,43DC4xda0mFek23gGgMUz2,0.297,0.845,157253,0.667,1.44e-06,3,0.152,-5.542999999999998,0,0.0799,92.979,4,0.929,64,73.0,2019,0
343,6B0ZlLf0p2s1Lwt3ivAXKy,0.996,0.398,142333,0.00209,0.955,0,0.0813,-39.959,1,0.0444,71.461,4,0.0971,64,62.0,2019,0
344,7hUhxfXJhLs6J9xJGT6zZz,0.000162,0.477,158333,0.97,0.0,7,0.265,-3.1660000000000004,1,0.0602,92.42,4,0.306,41,45.0,2019,0
345,2wOlZrHUpRP9hQbqbV9Ae5,0.978,0.401,672520,0.0236,0.579,6,0.102,-18.749,0,0.035,110.519,4,0.163,59,55.0,2019,0
347,4ykPECFhKjcurBtz5vLUXx,0.000502,0.513,229395,0.985,0.0071,1,0.405,-2.272,1,0.254,107.623,4,0.185,37,46.0,2019,0
350,5LpLw3R6TDlvmOIsgeCNjy,0.586,0.657,205308,0.455,1.87e-05,5,0.18,-10.586,1,0.0667,129.94299999999998,4,0.488,62,65.5,2019,0
351,6QP8v8hQmiFKvPgnaflQbB,0.743,0.6809999999999999,176373,0.599,2.12e-05,9,0.13,-6.398,0,0.0583,122.144,4,0.591,36,60.0,2019,0
353,6RT2boG8dbLXpgnSXQx1LY,4.99e-05,0.403,214493,0.96,0.0268,4,0.155,-2.708,0,0.0996,184.266,4,0.541,54,55.0,2019,0
355,7IZRtCwdcpJuXLDS6ZTbQJ,0.97,0.369,237626,0.198,0.93,4,0.109,-16.387999999999998,0,0.0483,126.2,4,0.047,60,62.0,2019,0
358,6escBA2tVhUpcc2M5YmtVk,0.95,0.3670000000000001,267358,0.116,0.8320000000000001,5,0.104,-21.437,1,0.0336,134.488,4,0.188,54,43.0,2019,0
365,6pEps4ExHoTIcWky6Hg5eN,0.466,0.52,169564,0.7490000000000001,1.56e-05,5,0.0744,-3.21,0,0.054000000000000006,96.589,4,0.5870000000000001,2,42.0,2019,0
366,1Kez08abn4yr3T7hbCeW3i,0.8,0.343,505031,0.307,0.467,1,0.664,-14.526,1,0.0521,78.165,4,0.18600000000000005,13,40.0,2017,0
368,0xiG8TuljlR1h30lm0cK1a,0.902,0.3720000000000001,189109,0.153,0.934,0,0.113,-15.637,0,0.0413,102.262,3,0.0652,1,39.0,2019,0
370,1Hig5qOTDmX4Erqpmk54xq,4.32e-06,0.439,178244,0.958,2.41e-06,9,0.0641,-4.2360000000000015,0,0.0953,90.036,4,0.254,59,61.0,2018,0
373,3lWwsRSWeSTXUBTJeuRPPg,0.0255,0.634,217451,0.779,0.00103,9,0.342,-6.607,1,0.0361,82.00299999999999,4,0.562,56,53.0,2018,0
377,6jwumZzIT95nYQAl6I6rM1,0.915,0.199,539240,0.27,0.8590000000000001,0,0.154,-11.029000000000002,1,0.036000000000000004,125.003,4,0.0459,1,28.571428571428598,2019,0
378,4D5BlpjxKizIVhc81nmyUR,5.89e-06,0.45,242693,0.994,0.184,11,0.273,-5.21,1,0.17800000000000002,154.993,4,0.115,24,32.0,2019,0
379,2j0G1GvvNUTN7ThKN6Jj4y,0.32,0.779,306289,0.58,0.0167,4,0.0709,-7.569,0,0.0378,104.682,4,0.93,35,44.0,2019,0
381,1UfBdq3YOUTJjZluZu54wB,7.89e-06,0.174,252194,0.936,0.877,2,0.0989,-8.234,1,0.0982,127.609,3,0.0811,8,21.0,2019,0
384,4oMHX1w7LEbhIwz9YTosEa,0.000164,0.505,255496,0.94,1.13e-06,1,0.495,-3.707,0,0.0459,97.499,4,0.382,0,52.0,2019,0
386,0qoqi6P5BPvpOTN4nE9ev6,3.4899999999999995e-05,0.46,196833,0.823,0.00165,1,0.35600000000000004,-4.3439999999999985,0,0.0434,134.997,4,0.43,49,55.0,2019,0
389,0wh9lyAm58get1TI9OIYg3,0.993,0.153,251906,0.0603,0.977,4,0.127,-24.951,1,0.0386,139.153,4,0.0374,5,62.0,2019,0
390,5LbXnDbn75IQSm5FCTANHd,0.189,0.541,209578,0.55,0.000728,5,0.11,-8.051,0,0.0949,155.767,4,0.253,64,59.0,2019,0
392,4Ht6KPgAed925B8ro4VpUU,4.3e-05,0.387,214318,0.991,0.00245,10,0.0915,-2.874,0,0.0763,177.97,4,0.28800000000000003,14,36.0,2019,0
394,7kdZlgkWHnivQNSGe6AsTa,0.967,0.445,119890,0.21600000000000005,0.914,8,0.149,-14.707,1,0.0503,109.969,3,0.237,52,39.6666666666667,2018,0
396,0YZEYxd1oiqZRFhnnmTKKi,5.08e-05,0.39,205394,0.939,0.0,4,0.0968,-3.828,0,0.0787,161.997,4,0.495,64,69.0,2019,0
398,39ZkoZpmocNi2LphHScfqm,0.00022200000000000006,0.466,185680,0.929,0.0,11,0.34,-5.91,0,0.0755,90.025,4,0.302,42,45.0,2019,0
399,49e8jyxGYok1DJRLqOlg4T,0.966,0.578,242066,0.0801,0.539,8,0.106,-20.314,1,0.0501,105.706,4,0.0747,52,46.0,2017,0
404,0O5WAeW9fQb0E1sKUi5QZt,0.000136,0.393,224866,0.953,0.0,6,0.861,-3.492,1,0.16899999999999998,176.938,4,0.634,53,56.0,2017,0
407,4TgpMwyBwhJvQlcMu9Nkyc,0.000334,0.477,211232,0.969,0.0,3,0.0984,-5.433,0,0.047,146.0,4,0.52,10,44.0,2019,0
408,3dtrI8OOHWxMyg6EHNecdt,0.885,0.454,255106,0.084,0.936,0,0.0958,-18.621,1,0.0293,87.816,4,0.0828,51,49.0,2016,0
409,1Rx7TVIX8t9pZFJdLq0vvY,0.934,0.386,474786,0.0481,0.852,2,0.101,-25.336,0,0.04,148.305,3,0.0714,57,50.0,2017,0
410,3jWnfv5QqiNCMaGUcLqGjo,0.826,0.685,185640,0.481,1.63e-05,0,0.101,-7.8439999999999985,0,0.0444,127.832,4,0.49,60,68.0,2019,0
412,1KDP9txYYtcRcVOzpFVkFn,0.104,0.626,198586,0.58,0.0050100000000000006,1,0.0598,-6.739,1,0.0353,110.858,4,0.933,37,45.0,2019,0
416,3A9IRPyGR0j4Oslz2LQGmA,0.984,0.293,368613,0.138,0.0246,6,0.173,-17.455,1,0.0486,113.932,4,0.0349,0,30.0,2019,0
420,7xI0wxBQhYMSWDhkuvbRgM,0.975,0.384,198333,0.0274,0.623,4,0.23,-26.64,0,0.0339,86.948,4,0.196,55,45.3333333333333,2016,0
422,5cUziBfFGOHrkXFE4qAgKe,6.63e-06,0.542,189746,0.988,0.0184,11,0.231,-2.535,1,0.177,127.971,4,0.219,46,42.0,2019,0
424,4dEwT3lzsASXCiIrgFUpQu,2.72e-05,0.494,205669,0.95,0.642,11,0.19,-5.528,1,0.129,115.087,4,0.15,39,51.0,2019,0
428,2m1CK247MhzvfuX3DiBo00,0.65,0.363,288360,0.38,0.0,5,0.0859,-7.778,1,0.0348,178.518,3,0.265,38,42.0,2019,0
429,4wuX1163hgvOZAiue2nXdT,0.195,0.362,227040,0.862,0.00852,7,0.16399999999999998,-5.013,1,0.0779,121.895,4,0.633,36,47.0,2019,0
432,4Htt3QaBWdLggq88rJI5MU,0.00191,0.476,226348,0.991,0.0,4,0.121,-2.855,0,0.15,82.99700000000001,4,0.202,68,81.0,2019,0
434,2beHQY7DvKp9q4vwilKKRS,0.057,0.7120000000000001,192973,0.473,0.0,6,0.182,-4.413,0,0.0693,86.965,4,0.327,72,75.5,2019,0
436,7eWi7NEsXV6LmS8UsqBeXy,0.000916,0.324,301548,0.8059999999999999,0.000155,6,0.225,-6.751,0,0.0512,154.94,4,0.334,39,28.0,2019,0
439,2E6S3NgbSG9NYwbdi6rWYB,0.677,0.579,253946,0.632,0.0,3,0.0892,-7.732,0,0.0918,120.258,3,0.76,72,79.5,2019,0
441,48xm8I1E0uNpDtn0X5rKYL,0.25,0.55,202826,0.759,0.0,4,0.16699999999999998,-8.091000000000001,1,0.0376,98.842,4,0.509,2,58.0,2019,0
443,3QAmJUlS7THV7AojNyIWLU,0.542,0.299,262396,0.415,0.0491,9,0.113,-5.7029999999999985,0,0.0297,110.786,3,0.0893,35,61.0,2019,0
445,58TwX5CF328t6qDm9sgaLb,0.833,0.5920000000000001,360353,0.231,0.911,6,0.0992,-16.445999999999998,0,0.0371,62.69300000000001,4,0.377,51,50.0,2017,0
449,2ovibjyd0xaW7HvfGvx0Qe,0.897,0.487,440513,0.259,0.778,2,0.0957,-12.390999999999998,0,0.0386,111.218,4,0.108,13,48.0,2018,0
451,08vJxMYhmZu6YTWqVmLgrA,1.52e-05,0.322,223357,0.95,9.61e-06,2,0.158,-4.553,0,0.182,199.958,4,0.263,61,55.0,2019,0
452,1wZy1qIk3qPVv33I9bALi6,9.78e-05,0.321,193653,0.949,1.1e-06,2,0.322,-3.332,1,0.0633,175.10299999999995,4,0.23,61,67.0,2018,0
458,50ma4LjaP5XDL1BsHrZ1D9,0.969,0.403,365880,0.13,0.804,2,0.125,-14.665,1,0.0374,137.726,4,0.0904,52,39.0,2018,0
459,0OV5HT4cXI78HHoYe2ioXa,0.000194,0.489,256538,0.804,0.00685,0,0.0726,-16.115,1,0.0475,126.065,4,0.337,49,55.0,2019,0
460,7qbGdYdTYZR6ZzXF2x6xvr,0.963,0.231,225170,0.0288,0.898,0,0.0909,-26.815,0,0.0411,146.155,4,0.0562,5,42.0,2019,0
466,6eKQpHfI07oX6KEJRGWDtl,0.019,0.625,217485,0.561,0.0,5,0.31,-6.653,0,0.0644,126.088,4,0.243,66,70.5,2019,0
467,4EwS5la55FNgz6r3N57A9f,0.97,0.364,217518,0.0795,0.8809999999999999,9,0.103,-24.087,0,0.0363,121.045,4,0.236,0,3.0,2019,0
468,59NDr0FWdtfgKvBiRSLaZ8,0.996,0.478,201388,0.0661,0.94,3,0.111,-25.078000000000007,1,0.0444,182.034,4,0.315,1,5.0,2019,0
470,4CH6gIAzKPnt3AHmX7p9yQ,0.00207,0.417,239186,0.974,0.0,11,0.196,-4.069,1,0.14300000000000002,160.014,4,0.5479999999999999,57,59.0,2019,0
471,2R5bAiFl7c5e0dAoWlBzWu,0.43,0.7979999999999999,162610,0.404,4.51e-05,1,0.16,-10.977,1,0.0963,114.617,3,0.521,21,59.0,2019,0
475,6UsNqIqCC9WIDdg9Xxxv84,2.14e-05,0.417,211000,0.95,0.493,1,0.305,-3.478,1,0.145,192.118,4,0.5720000000000001,50,46.0,2019,0
479,1nal3Tf1OCV53KigMZXsZ7,0.8440000000000001,0.422,262213,0.546,0.0,9,0.108,-8.155,0,0.249,74.741,4,0.385,78,84.5,2019,0
482,3Ey11v2aiX14s4wBaYbhlp,0.125,0.701,199720,0.778,0.0,2,0.0828,-5.0760000000000005,1,0.201,99.956,4,0.609,57,82.0,2019,0
485,6gq6I59uWHNtSwE1g0YUdR,0.00783,0.221,366533,0.8370000000000001,0.00427,4,0.138,-2.734,0,0.0502,157.673,3,0.586,39,39.0,2019,0
488,1mQaehT2IA8PAb6drI1RNB,0.00112,0.494,225026,0.916,4.43e-06,1,0.0996,-4.734,0,0.233,89.46799999999998,4,0.433,60,58.0,2019,0
489,11qeOjSAx3TDr4IOPXq9Js,0.92,0.418,305565,0.0872,0.898,7,0.108,-24.547,1,0.0354,148.264,3,0.14,57,46.0,2018,0
490,3odLwNmrGr91br8fhtrP1v,0.8590000000000001,0.456,243013,0.257,0.475,10,0.111,-16.877,0,0.0298,104.311,4,0.181,51,46.0,2017,0
492,29JpMS0QucYM5bUp9jgSeW,0.00155,0.0821,228367,0.984,0.000181,4,0.476,-1.237,0,0.13,185.151,3,0.274,33,39.0,2019,0
494,67HHFvLuWSwTrgILyZXmmq,0.992,0.0838,163030,0.0237,0.945,7,0.0797,-28.296,1,0.0417,80.27,4,0.0364,8,59.3333333333333,2019,0
495,1MHJIctfaDf3D1wDDctWRv,0.242,0.726,202702,0.8109999999999999,0.0,1,0.0911,-6.4529999999999985,1,0.36,147.938,4,0.777,42,36.0,2018,0
496,50rwJNt8Xnoae1me9yV0ml,0.16399999999999998,0.654,230400,0.818,7.18e-06,9,0.181,-4.922,1,0.0301,109.969,4,0.857,32,36.0,2019,0
499,0bYiHGOcXqFaxa0H6ru88X,0.708,0.135,301409,0.274,0.386,9,0.0921,-14.241,1,0.0409,83.829,4,0.0377,56,64.6666666666667,2019,0
501,24pcvmZ7JLDg4NDqVtblrO,5.48e-06,0.424,185649,0.946,0.8959999999999999,1,0.068,-4.907,1,0.117,77.013,4,0.395,46,55.0,2019,0
504,3LZ0GUgBO1XXW6jKK5A2lJ,0.9,0.518,375093,0.0493,0.879,9,0.349,-26.565,0,0.0346,61.908,4,0.16,15,45.0,2018,0
505,34U3BxVvGWuqT2Lg93v6M9,3.41e-05,0.496,252840,0.984,0.000335,11,0.368,-3.899,0,0.136,107.48,4,0.247,0,17.0,2019,0
506,12scv4bf1LsuhddEl4o1Ke,3.09e-05,0.393,313600,0.948,0.0,7,0.28300000000000003,-5.76,1,0.16699999999999998,150.108,4,0.449,30,31.0,2019,0
510,7i894i4ehxZ19i2c50tP1D,0.0377,0.6409999999999999,234666,0.828,7.22e-06,2,0.35700000000000004,-12.08,1,0.083,119.992,4,0.399,43,37.0,2019,0
516,3SYEnj7zmJYTfO71JZLsqa,0.985,0.129,271893,0.00247,0.885,5,0.0749,-35.225,1,0.0454,74.232,4,0.205,0,37.3333333333333,2019,0
518,3gn4pWyREranTihlNNAr4Y,0.00256,0.527,216910,0.98,3.34e-06,9,0.0977,-3.78,0,0.117,139.996,4,0.417,3,25.0,2019,0
519,0rl0t8BwHP1GIIEyC5DN4Q,0.000216,0.446,232634,0.935,0.00474,10,0.256,-4.441,0,0.0915,109.988,4,0.189,42,40.0,2019,0
521,3O2gpEXz5HZ5uTxeeRE1M1,0.00272,0.845,149092,0.446,0.000432,7,0.328,-9.866,1,0.365,160.091,4,0.8009999999999999,63,70.0,2019,0
522,0tXa6nUMhBUB96DZcNatcO,0.000181,0.29100000000000004,261406,0.785,0.000152,9,0.206,-4.561,0,0.0443,109.924,3,0.387,32,33.0,2019,0
525,00fqV46YpTk3w4qrwoBFlf,3.04e-05,0.376,289557,0.941,0.000338,0,0.259,-3.839,1,0.0661,154.964,4,0.236,30,30.0,2019,0
528,5dIXYHHvWQPltpinQu2Cos,0.0231,0.374,292353,0.8490000000000001,0.267,5,0.335,-6.812,0,0.0437,177.768,4,0.644,36,46.0,2019,0
531,2BjX0EYypxakiidBW18QmC,0.96,0.424,323640,0.0301,0.0299,0,0.21,-15.316,0,0.0483,67.541,4,0.349,55,42.0,2019,0
534,3eI3DS4MyOBMwJ40NmccM7,0.00493,0.235,242500,0.72,0.158,1,0.15,-6.733,1,0.0378,175.024,4,0.21600000000000005,40,41.0,2019,0
535,4qBNil5tBE3ZWiu1zojXbM,0.361,0.897,295613,0.536,0.006790000000000001,0,0.131,-8.905,1,0.0286,104.982,4,0.963,4,58.0,2019,0
536,5pvZGipNqXbamr7K8TVolA,0.000361,0.385,200765,0.951,7.390000000000001e-05,10,0.455,-3.09,0,0.125,89.838,4,0.423,56,55.5,2019,0
537,5bJW3GFEgVklsym3fmCCaL,0.000207,0.55,204253,0.936,2.67e-06,8,0.302,-2.8760000000000003,1,0.078,158.02,4,0.767,55,56.0,2018,0
539,4ZJQANWp7aZb66DRMVg8SA,1.1e-05,0.481,261680,0.889,0.00628,1,0.0967,-8.109,0,0.0553,85.01100000000002,4,0.325,47,44.0,2019,0
542,4KTgD62vgozCfk2Inbo9fm,0.000348,0.5660000000000001,222461,0.8859999999999999,0.0,0,0.494,-3.63,1,0.0902,130.066,4,0.619,8,69.0,2019,0
548,7yofpPY2IUuGGiCEEKy1W1,0.00385,0.453,257555,0.688,0.000157,8,0.0805,-7.818,1,0.0321,87.54,4,0.345,49,58.0,2019,0
551,5JThFNIo27sIaFDp3iw3OV,4.85e-05,0.381,186849,0.956,0.945,8,0.117,-4.6,1,0.057,145.768,4,0.555,2,32.0,2019,0
555,4cG4S3LHdqibrEXgj87ZNx,0.928,0.508,348253,0.162,0.418,7,0.101,-12.7,0,0.0302,71.541,4,0.38,55,42.0,2019,0
557,5LV0oQV98daZAUoWnQEW6N,0.0108,0.528,187371,0.861,0.0,2,0.268,-4.309,1,0.0518,95.02,4,0.591,63,66.0,2018,0
558,4oU07qd2sv9NxW61Op66Jh,0.984,0.439,261415,0.0554,0.003820000000000001,3,0.111,-15.183,1,0.0349,101.015,4,0.17800000000000002,57,47.3333333333333,2018,0
564,10AvU1MdYQcakqtbErtkJa,0.298,0.57,205453,0.667,0.00812,5,0.185,-6.089,1,0.0644,147.906,4,0.428,51,66.5,2019,0
566,1CaBFUQkektA5qAl7QwO1N,0.0335,0.852,123200,0.8390000000000001,0.0,1,0.17600000000000002,-4.6530000000000005,1,0.206,100.016,4,0.484,56,70.0,2019,0
568,2qFfzogwpfL2HAo2q28NdP,0.278,0.65,218746,0.63,8.55e-05,11,0.119,-6.787000000000001,0,0.04,107.69,4,0.74,37,33.0,2019,0
572,6q7x8MeeUBLG82hYjmaIlV,0.927,0.0829,189188,0.203,0.894,7,0.107,-16.043,1,0.04,170.632,5,0.0331,0,5.0,2019,0
574,5NJvYCIEog9GpRXICeBENB,3.77e-05,0.165,222000,0.971,0.151,7,0.0954,-5.942,1,0.171,82.565,4,0.14300000000000002,31,26.0,2019,0
575,3ojlZUEkinb7XA4tZuvx3y,3.73e-06,0.457,255685,0.973,3.16e-06,11,0.311,-4.146,0,0.0709,105.015,4,0.379,5,44.0,2019,0
576,0zkyryPUZwWESISqfWzuiC,3.04e-05,0.517,278382,0.95,4.39e-05,5,0.449,-5.975,0,0.069,105.995,4,0.326,28,44.0,2019,0
577,59YmKJMicBGgMuP7DAPv7x,0.000325,0.405,287000,0.9,0.233,9,0.33,-5.205,0,0.0546,140.056,4,0.146,43,32.0,2019,0
579,2hGEmiZnMqj683DUd11mKS,0.000105,0.473,261000,0.911,0.145,9,0.0704,-3.843,0,0.0748,131.995,4,0.386,0,25.0,2019,0
581,4cMvigyjmAJwfvTM9uSw4c,0.984,0.652,189708,0.184,0.895,9,0.0895,-16.767,0,0.0687,73.24,4,0.235,0,22.0,2019,0
583,6LrZnsh8bhn70OEnDqXskh,0.00358,0.623,209537,0.5820000000000001,0.0,5,0.14400000000000002,-8.627,0,0.0493,143.809,4,0.265,63,61.0,2019,0
584,0AREu5AAOi3cz80aKLE1E3,0.995,0.419,133381,0.0674,0.955,2,0.14400000000000002,-19.517,0,0.0989,165.607,3,0.0741,56,58.0,2017,0
588,5yRNjZZQvpzQhtexicaZjb,1.29e-05,0.404,230178,0.986,9.24e-06,1,0.136,-2.839,1,0.107,180.021,4,0.294,47,41.0,2019,0
589,38vPN3b7NA3jJF5ulUs7YI,1.62e-05,0.436,253866,0.981,0.0018,2,0.0784,-4.533,1,0.0695,77.013,4,0.262,45,36.0,2019,0
590,4lF3jqrokwLCfjg8puOe7E,0.00146,0.463,218274,0.8,0.0485,5,0.5760000000000001,-6.502000000000002,0,0.0491,82.486,4,0.485,55,55.0,2019,0
591,5KORMnuWZTLlPvM70xv165,0.00133,0.419,248035,0.807,0.00529,11,0.598,-5.6560000000000015,0,0.0479,130.233,4,0.669,40,46.0,2019,0
597,5FXIXX9FniNJfHd9DJrOop,0.989,0.476,588760,0.19,0.733,2,0.588,-17.266,0,0.0432,109.795,4,0.249,59,53.25,2018,0
601,5LKzqs734Xs528hqK8bGS1,0.0628,0.623,174946,0.585,0.000155,0,0.119,-7.895,1,0.124,158.273,4,0.5379999999999999,67,73.0,2019,0
602,5fhLDCuNimt2zvkiFxOAbU,0.898,0.539,498319,0.207,0.636,8,0.222,-16.498,1,0.0458,122.03,4,0.259,51,43.25,2018,0
605,2ZD4ORPQl85o5QPU3EsSXQ,0.0241,0.532,161978,0.8420000000000001,0.0,4,0.136,-5.001,0,0.201,171.94299999999996,4,0.221,55,69.0,2019,0
606,5CxHzMIN3ZOH8f18RdNYwO,0.000191,0.531,267238,0.8740000000000001,6.35e-05,8,0.256,-5.939,1,0.0524,147.94799999999995,4,0.489,38,71.0,2019,0
607,5VDf73Ydlabw60whLjZtVK,2.47e-05,0.545,105952,0.98,0.00886,9,0.0527,-4.414,0,0.0516,140.065,4,0.965,12,58.0,2019,0
608,3uouaAVXpQR3X8RYkJyitQ,0.7040000000000001,0.589,194959,0.652,0.00055,10,0.125,-7.497999999999998,1,0.373,158.49,4,0.486,73,82.0,2019,0
611,4pJM8ZZ3YIO4xOeD5k8s5P,0.000377,0.556,223240,0.888,0.0,1,0.214,-3.985,0,0.0377,96.033,4,0.446,25,78.0,2019,0
612,1Oui96x92JVAzK4nsoKavW,0.986,0.177,173225,0.0405,0.6829999999999999,6,0.105,-22.472,1,0.0375,66.363,4,0.0399,14,46.0,2017,0
615,6XbmIuDxm4gWpVYoGg5DQX,0.000295,0.477,190026,0.964,0.0,8,0.0763,-2.459,1,0.096,92.065,4,0.597,62,68.3333333333333,2019,0
618,1ELW9P3SDcJw28QoT9F5i9,0.183,0.611,300226,0.66,0.00962,5,0.103,-7.352,1,0.0493,119.976,4,0.0848,13,47.0,2019,0
619,4llPBbY2ytrSn5z4wX1UKO,0.00772,0.625,150924,0.7759999999999999,2.95e-05,4,0.331,-3.799,1,0.065,130.02700000000002,4,0.6859999999999999,55,46.0,2017,0
620,30QVousvHxslg00I7dNLU2,0.0741,0.911,169306,0.525,0.0,8,0.311,-7.02,1,0.172,102.03,3,0.768,61,78.0,2019,0
621,4nw0S8MtvcLSpXCS9M8ciL,0.145,0.664,284040,0.61,0.0,7,0.097,-6.432,0,0.339,76.024,4,0.472,74,74.6,2019,0
623,0D5PNTs1HSYe2nHlHulJQw,0.797,0.4370000000000001,302240,0.0375,0.6920000000000001,10,0.114,-28.282,0,0.0403,117.153,4,0.126,54,54.0,2018,0
624,78RAfPGFpTUqnPSTV0LcmT,0.609,0.523,293253,0.188,0.597,5,0.285,-14.701,1,0.0345,112.092,4,0.0744,57,49.0,2018,0
625,1mEO3xiJqEWXYIdZalDzHR,0.308,0.55,205453,0.6659999999999999,0.00763,5,0.185,-6.089,1,0.0656,147.828,4,0.423,70,66.5,2019,0
627,3WvwimacB4Yjo4Rpp9VJ2E,0.0153,0.529,266443,0.893,0.00105,11,0.0989,-4.209,0,0.0666,125.911,4,0.373,37,46.0,2019,0
628,58WnCtoXAG5IBx3rpK8IDM,1.87e-05,0.409,258373,0.974,0.118,8,0.116,-5.274,0,0.085,166.00099999999995,4,0.473,47,59.0,2018,0
632,7dWzkzCjOVVkJDTEeWrCZ0,0.952,0.409,502619,0.0777,0.866,9,0.0979,-23.493,0,0.0408,106.333,4,0.08800000000000001,55,45.0,2018,0
633,0h7YNA68owRr2JPJRNHYoS,0.7440000000000001,0.511,194461,0.545,0.0,1,0.111,-7.1110000000000015,0,0.0304,92.958,3,0.381,48,56.0,2019,0
645,1sZUfl4muDcuWux6KlwaR8,0.00139,0.396,183956,0.503,0.00028,5,0.0725,-4.118,1,0.127,90.339,4,0.6829999999999999,1,72.0,2017,0
647,7dRj3sTBYkNbEx5kdNHriv,0.000477,0.502,233297,0.8170000000000001,0.0,0,0.153,-3.508,1,0.0447,90.024,4,0.617,66,81.0,2018,0
649,3PW5V36seHTLVUMzCLTAMS,0.276,0.299,257199,0.703,0.0436,2,0.0985,-6.625,0,0.0437,74.138,4,0.146,40,37.0,2019,0
651,0wOu7LqfkyRwBZEFokCYpr,0.994,0.451,278572,0.0273,0.959,5,0.11,-19.527,0,0.0507,77.512,4,0.0407,54,58.0,2017,0
661,3IiMnjK7S2PlsPVMuAH7rU,0.000113,0.354,257453,0.943,0.0187,5,0.104,-3.633,1,0.28800000000000003,94.416,4,0.3670000000000001,61,77.0,2018,0
666,1k6CuJq1Y4R73INdNWoGd6,4.92e-05,0.14400000000000002,407173,0.94,0.00377,1,0.229,-4.217,1,0.0947,176.44299999999996,4,0.0891,1,27.0,2019,0
670,4RUrTe5vy6koyePa262Gvd,2.5e-05,0.5820000000000001,223077,0.865,8.93e-06,1,0.34700000000000003,-4.402,1,0.0405,112.965,4,0.412,42,47.0,2018,0
671,6fT7QIf55thVWCZyEnaHk0,0.0888,0.664,220207,0.691,0.000592,7,0.174,-8.451,1,0.194,80.001,4,0.637,64,67.0,2019,0
674,1PD7GL8ynRVdjoHDQ1SIIh,3.64e-05,0.293,204750,0.937,1.14e-06,10,0.514,-7.041,0,0.219,194.971,3,0.149,35,42.0,2019,0
675,0XIkPXvcJvQNzUpsWBXL1v,0.421,0.659,205186,0.605,0.0,7,0.17,-5.747999999999998,0,0.26,84.95299999999997,4,0.648,43,67.0,2019,0
677,1vXFnAO7zu7n0ErcJmGLZF,0.742,0.487,231066,0.439,0.0,0,0.091,-11.316,1,0.392,91.582,4,0.369,73,86.0,2019,0
678,2jLZRe37zPVt0sbnxDt1Dk,0.486,0.197,220510,0.227,0.8959999999999999,2,0.21,-11.933,0,0.0363,129.65,5,0.0348,0,40.0,2019,0
680,3yhInewGeB4AzUJKyz3SUR,0.00868,0.725,215239,0.448,0.00526,1,0.0574,-5.898,1,0.0393,92.94,4,0.484,62,65.0,2019,0
683,7b74X79mhsVEmJLcFsuqws,5.89e-05,0.374,418438,0.951,0.8909999999999999,2,0.403,-7.296,1,0.0604,95.477,4,0.477,49,52.0,2019,0
685,2DcykF5eaHu1z2TiuRmns0,0.000105,0.53,273480,0.946,0.000445,4,0.328,-4.387,0,0.126,120.006,4,0.369,36,42.0,2019,0
687,08Qo5HDgqtUIlnwGetLlFI,0.992,0.398,129481,0.14300000000000002,0.945,7,0.119,-18.199,1,0.0414,97.875,4,0.396,53,70.5,2017,0
691,5Z6Rbr15GSqbnOMnVWtuA2,6.01e-05,0.113,231372,0.969,0.00466,2,0.336,-5.229,1,0.161,175.042,4,0.361,3,40.0,2019,0
694,47ojH5LeQhl1ZltSAHBEFF,0.0373,0.605,192825,0.909,1.83e-06,9,0.365,-4.067,1,0.09,114.988,4,0.682,58,65.0,2017,0
695,79sX21LCECS5iBt0rRhU4W,0.13699999999999998,0.519,157927,0.511,0.0,8,0.152,-10.622,1,0.0488,135.9,4,0.391,60,67.0,2019,0
696,2rTnVB1bvwxHtaIl4uVu7f,0.0807,0.8270000000000001,238321,0.469,8.12e-06,10,0.207,-9.141,0,0.341,97.028,4,0.196,81,84.0,2019,0
699,3PkosLobiLp6RymQ20mzq5,0.000539,0.392,164670,0.86,6.53e-05,2,0.139,-4.315,1,0.0895,161.987,4,0.453,42,47.0,2019,0
701,6g6U5Ip7Tvm1xsctpflOuk,0.989,0.4270000000000001,241200,0.0445,0.902,8,0.112,-18.994,1,0.0381,117.815,3,0.153,54,42.5,2018,0
702,4rznhkoOr1AYneKuWBef4V,0.974,0.302,360413,0.0166,0.0714,7,0.0737,-23.504,1,0.0475,69.904,3,0.235,59,47.0,2018,0
704,0sdrmuPXp8pXhy0hrdJ8AH,0.0351,0.7190000000000001,185811,0.62,0.0,6,0.258,-5.7429999999999986,0,0.102,129.931,4,0.104,59,65.0,2019,0
705,5Bl1TC8Y1qh3ui6fGSWL5a,0.915,0.487,388346,0.135,0.00353,2,0.6859999999999999,-11.211,0,0.0434,105.854,5,0.24,58,54.0,2017,0
706,1dI3L6GFPqOHd81gU782yQ,0.0056,0.5770000000000001,200706,0.934,0.0,7,0.0484,-3.999,1,0.128,137.003,4,0.54,50,69.0,2018,0
707,6zsT60ALu2xeljCWRp3rEs,0.698,0.32299999999999995,247385,0.358,0.0,10,0.109,-9.939,1,0.0484,174.149,3,0.146,57,64.0,2019,0
708,79GHf6sJJNPu5nOrUdRkaF,0.000837,0.494,263840,0.938,0.0,5,0.0941,-5.303,0,0.106,126.036,4,0.181,14,29.0,2019,0
709,6tq6PWrJ8y8icAv1x45YXT,0.0289,0.525,163493,0.637,0.0,1,0.0763,-4.717,1,0.0932,84.72,4,0.322,64,88.0,2019,0
713,6NpwgYdHNNpq81GnpJNx3Y,0.87,0.446,492080,0.242,0.4970000000000001,8,0.105,-14.152,1,0.0368,126.681,4,0.171,51,40.0,2016,0
716,3MhWFpRMVEyZ9QXGIb5RJK,0.992,0.447,1004626,0.163,0.7759999999999999,8,0.654,-14.835,1,0.0707,74.933,3,0.197,54,54.5,2016,0
720,6rUcboqRuVuowjaL5YUNtx,1.66e-05,0.57,210742,0.924,0.0113,9,0.0819,-4.772,1,0.0875,101.046,4,0.332,54,52.0,2019,0
721,3wtO8sHyjZwTLgtDU8NlFk,0.000453,0.371,315217,0.973,0.00104,0,0.28800000000000003,-3.983,1,0.18,143.724,4,0.38,0,29.0,2019,0
722,18t9EUBOfOPRv4nrJUpRAq,0.07200000000000001,0.838,224444,0.536,0.000259,2,0.208,-6.2879999999999985,1,0.0435,119.956,4,0.89,59,73.0,2019,0
723,6OwYk4v6KoCo3BaHS53MxC,0.0504,0.394,298666,0.721,0.118,2,0.12,-6.682,1,0.0774,175.96599999999995,4,0.74,19,55.5,2019,0
728,0EGTtRoVU5mwSwLVkMwrYF,0.925,0.204,140420,0.114,0.893,0,0.103,-15.489,1,0.0475,107.497,4,0.397,0,46.0,2019,0
729,2VqKx3HH8gaZPabNWYvksy,0.388,0.705,212787,0.433,0.134,4,0.0841,-9.706,1,0.204,168.00599999999997,4,0.602,72,71.0,2019,0
731,3f9eR0IZrktbCSqPfxM9jr,0.166,0.597,226560,0.633,0.0,0,0.0768,-5.8279999999999985,1,0.0791,87.976,4,0.615,60,72.0,2019,0
735,2yuDexdINZo3jxbFHf5fLw,0.967,0.5379999999999999,152106,0.0687,0.461,2,0.0854,-17.993,0,0.0371,103.808,4,0.132,54,52.0,2017,0
736,0ogLQ4Dm6uP4pgoGJyHz73,0.0461,0.616,227586,0.7120000000000001,5.62e-05,5,0.338,-8.704,0,0.0285,101.253,4,0.44,32,49.0,2019,0
740,12zuJhwGaqJu8fvgBWqYuy,0.94,0.382,176296,0.239,0.755,6,0.106,-12.423,1,0.0325,67.643,3,0.141,52,47.0,2017,0
741,2ouOVzQTzSsLa2OH1Zxhvu,0.00207,0.6859999999999999,187654,0.862,1.12e-05,7,0.14800000000000002,-3.426,1,0.034,87.48,4,0.472,64,76.0,2017,0
750,43ioujgfr3uASYa0v1xmdp,0.00013000000000000002,0.348,389640,0.945,0.232,1,0.0632,-6.3020000000000005,1,0.276,141.045,4,0.0395,2,24.0,2019,0
753,1GzKUM68RZ2k0lwwnBtuqo,0.000705,0.399,161655,0.991,0.8690000000000001,2,0.293,-6.816,1,0.0792,145.031,4,0.0346,8,29.0,2019,0
754,7HNurYC9VmUMRznWjEHLaT,5.23e-05,0.34600000000000003,183495,0.888,0.0,6,0.0967,-3.6010000000000004,1,0.0626,114.924,4,0.652,54,48.0,2018,0
761,1Y4EnGcSM4zTBSTMqF9BXJ,0.388,0.745,201613,0.65,0.00313,1,0.217,-6.204,1,0.0268,90.979,4,0.743,35,54.5,2019,0
762,63fI34krrRgY7OobO5RqGd,0.0008960000000000002,0.6729999999999999,189049,0.7440000000000001,1.7100000000000002e-05,1,0.0667,-6.077000000000001,1,0.0384,75.238,4,0.82,56,70.0,2019,0
763,3o6rjFSeFVIMA0MydAGCwt,0.0461,0.616,227586,0.7120000000000001,5.62e-05,5,0.338,-8.704,0,0.0285,101.253,4,0.44,35,49.0,2019,0
765,5A3TwAmhxbQ1qZCJ8N2H8C,0.304,0.74,267384,0.465,0.00404,7,0.101,-8.27,0,0.0411,116.741,4,0.276,73,82.0,2019,0
771,4MvqWzm7BDfHKkms39axnn,0.988,0.324,158537,0.0313,0.936,5,0.125,-29.435,0,0.0482,63.542,4,0.145,63,82.0,2016,0
773,0mTKJnVf6GcujyDr1PZn0Q,0.14400000000000002,0.6940000000000001,233546,0.7440000000000001,0.0,0,0.0905,-5.334,0,0.297,99.941,4,0.425,71,85.5,2019,0
774,7dnSXaCjLdFiWZa8s5wP1n,0.18600000000000005,0.7609999999999999,223013,0.6970000000000001,0.0,5,0.126,-6.164,1,0.0568,106.051,4,0.197,65,71.0,2019,0
776,74cU0UVKGbXODHUJRZ8L05,0.511,0.521,237059,0.433,0.0,7,0.17600000000000002,-10.493,0,0.377,84.43,4,0.412,48,68.0,2019,0
778,378YlqIlwyrOTk8QiqREAI,0.476,0.58,192541,0.528,0.0,4,0.108,-6.0120000000000005,0,0.299,77.214,4,0.373,55,51.0,2019,0
786,71sxgljQaCsTd20tnw9RZF,0.987,0.115,267213,0.126,0.00432,5,0.0967,-16.637999999999998,1,0.0368,82.027,5,0.0366,0,26.0,2019,0
791,2YwLhYI7k2NLhh4TUaBNps,0.223,0.467,177066,0.34600000000000003,5.16e-05,0,0.14300000000000002,-8.577,1,0.0337,80.615,4,0.6829999999999999,34,45.0,2019,0
800,2OEQHaCzIgFCJXHRYx6Jhd,0.000245,0.389,279618,0.944,0.0,5,0.0614,-3.518,1,0.0819,160.025,4,0.213,0,40.0,2019,0
801,4c1WaUyqdsXD8Wjg40ObPM,0.00455,0.602,310508,0.949,2.97e-06,5,0.35700000000000004,-3.535,0,0.07,140.053,4,0.59,27,37.0,2019,0
802,3fXqDlChHYVt3LKnMluWio,0.0235,0.581,191544,0.922,0.0,1,0.202,-3.408,0,0.0667,118.409,4,0.595,0,69.0,2016,0
803,6ZZq00uoVcxf8er4zgS7ce,0.994,0.34600000000000003,205500,0.0404,0.93,1,0.0953,-24.051,1,0.0383,160.47799999999995,3,0.207,0,23.0,2016,0
804,22Qh6AHPrwzgSzKFnaZZTr,0.155,0.52,263472,0.8240000000000001,0.00049,2,0.108,-5.608,1,0.037000000000000005,97.487,4,0.701,37,36.0,2019,0
809,2wv2OkGhGZ3Qwc5WMo5MRQ,0.159,0.441,163846,0.404,0.0,4,0.142,-10.098,0,0.099,174.145,3,0.309,34,50.0,2019,0
813,03r0hAd87GzJKLQoAlFiCx,0.215,0.6759999999999999,207386,0.6629999999999999,0.000687,2,0.11,-10.177,1,0.0313,124.773,4,0.878,2,58.0,2019,0
815,6lMMjc8cyO1dZ7Vy2IZ64y,3.02e-05,0.539,260210,0.946,4.54e-06,1,0.6,-4.715,0,0.0469,94.997,4,0.502,41,35.0,2019,0
817,7u38kj1yGDoExUnP6gxxor,0.95,0.34,305426,0.237,0.927,8,0.14,-14.901,1,0.0302,162.892,4,0.0716,48,36.4,2017,0
818,1KCDsPKFISNM2YZFFAoI7s,0.000532,0.468,218080,0.933,3.36e-06,1,0.119,-4.658,0,0.0685,143.076,4,0.392,59,69.0,2018,0
819,5wNnBekTT7R9FCOBu1gcgh,0.000893,0.586,157868,0.976,0.00564,1,0.156,-6.109,0,0.101,121.989,4,0.0775,3,35.0,2019,0
820,2ZMHNMMft1Yp6nLPjR4zM9,0.0453,0.5760000000000001,219723,0.772,0.0,9,0.0608,-4.902,1,0.0259,97.007,4,0.494,58,69.0,2018,0
821,3IHwH8tPmchRYNCOMYvPOl,0.0438,0.7979999999999999,302493,0.496,0.0,1,0.119,-7.755,1,0.36,83.022,4,0.581,53,62.0,2019,0
822,72KHUsa4UyTXpSf7jRb1ih,0.765,0.448,427431,0.275,0.872,8,0.141,-17.203,1,0.0348,119.37,4,0.119,58,45.0,2019,0
825,0JSotxr4YFcp5e8c5yaMKv,0.0591,0.741,215911,0.937,0.0004,9,0.0971,-2.826,0,0.0318,119.987,4,0.823,47,61.0,2019,0
826,70S7sASwrZH3Fass66MKqJ,0.986,0.371,66761,0.0295,0.937,10,0.125,-22.038,0,0.0335,82.31299999999997,3,0.258,51,43.5,2016,0
830,5i92OkhVsS0T7rJWqAFOFD,0.00427,0.488,264813,0.7879999999999999,0.0,11,0.101,-7.492000000000001,0,0.0412,95.065,4,0.382,27,16.5,2019,0
831,6QZ8h3RqIgTRTo3hfaqryx,0.0364,0.45,203057,0.945,4.38e-05,5,0.22,-4.515,1,0.103,167.94799999999995,4,0.505,61,65.0,2017,0
832,6vZ8PZZy7ljlQEgCPSZTAM,0.8029999999999999,0.698,282386,0.214,0.893,7,0.112,-15.785,1,0.0378,121.769,4,0.172,49,54.0,2018,0
836,6RGhQvdMVi3m1mqskXOzC5,3.06e-05,0.453,221400,0.97,1.1e-06,0,0.0782,-6.271,1,0.0866,159.964,4,0.403,31,34.0,2019,0
837,6KQlDEssLmO7kLYS6GoCEm,9.52e-05,0.516,225946,0.988,0.111,7,0.126,-5.17,1,0.107,104.968,3,0.093,31,27.0,2019,0
840,6L5nqMCbzcg9Xq8ZE6PC91,0.313,0.573,228019,0.7,0.000187,7,0.293,-3.999,1,0.05,105.084,3,0.585,38,52.0,2019,0
842,7yMODjaVxKaoIuHocASAig,0.00732,0.547,238869,0.677,7.15e-06,11,0.329,-5.706,0,0.0345,132.918,4,0.623,38,58.0,2019,0
844,0tqKbxi2LmTr2XmxYFnIC2,8.78e-05,0.447,222278,0.976,0.0,7,0.506,-3.644,0,0.277,104.913,5,0.124,19,27.0,2019,0
846,79MOPpvNSagTPcwnx4Ct2b,0.953,0.406,293933,0.175,0.92,3,0.0841,-17.018,1,0.0525,180.707,3,0.436,51,39.0,2018,0
849,283h1iiG7BVoKvTVAr5bSc,0.97,0.5760000000000001,329680,0.132,0.898,2,0.122,-19.928,0,0.0399,63.078,4,0.122,60,47.0,2019,0
853,0hEzZt0RdXxaCfBdZfhZAG,0.8,0.14,181385,0.168,0.116,9,0.101,-15.011,0,0.046,171.01,4,0.0392,2,65.5,2019,0
856,6Xk7DNuMYW6tZ3wM0l9IkL,3.91e-06,0.244,250757,0.99,0.541,2,0.327,-4.002,1,0.14300000000000002,198.0,4,0.245,1,30.0,2019,0
858,5S2Cpe6R4pV2dcJZkr6BzF,0.795,0.565,264833,0.353,0.0,8,0.122,-10.146,1,0.0312,120.147,4,0.504,59,83.0,2019,0
860,4gCaFMkA1CERmgy1ny9fhy,0.897,0.487,440513,0.259,0.778,2,0.0957,-12.390999999999998,0,0.0386,111.218,4,0.108,57,48.0,2018,0
862,2Z5oCwFYbSxZ7EjU5P8r93,0.0105,0.425,216747,0.665,0.224,6,0.0896,-6.848,0,0.0399,130.154,4,0.115,41,32.0,2019,0
865,1MqVHgJ8JFyU03XOstZDA6,0.374,0.675,235174,0.701,0.0,8,0.109,-5.8870000000000005,0,0.11,113.042,4,0.639,62,62.6666666666667,2019,0
866,1HBrxfreCZDstJMYVzgRPM,0.125,0.69,127075,0.7070000000000001,2.77e-06,11,0.237,-4.789,1,0.279,103.909,4,0.677,74,79.0,2019,0
868,3ooiUoDTglRx26W1VMN7DP,6.14e-06,0.324,264530,0.979,0.792,6,0.11,-7.782999999999999,0,0.115,198.011,4,0.34700000000000003,29,36.0,2019,0
869,58Eyr2rZWIYM19qhpals74,0.011,0.561,182679,0.935,0.0,1,0.26,-3.807,1,0.0936,89.973,4,0.625,57,70.0,2019,0
870,5vxX2POnp7NBbaCAIVQix7,0.00207,0.63,201496,0.8490000000000001,4.27e-06,7,0.11,-4.953,1,0.0811,151.988,4,0.7809999999999999,58,58.0,2019,0
871,3cBDXeBa5jR7nCks8KQQrN,0.6459999999999999,0.784,163506,0.49,0.006809999999999999,2,0.241,-5.5539999999999985,1,0.262,135.96,4,0.674,47,68.0,2019,0
872,3MU1qPFFyJQy1RbmpLH0mb,0.917,0.337,419853,0.162,0.5760000000000001,8,0.152,-18.071,1,0.0345,82.256,3,0.0887,53,44.0,2018,0
873,7iakbjLxGFnvsejftzs48N,0.994,0.405,202600,0.0398,0.862,8,0.151,-26.17,1,0.0476,101.982,3,0.205,0,44.5,2019,0
874,6Limlq29b8C9GxABDC4iaw,0.000615,0.396,328148,0.909,0.873,7,0.0905,-6.522,0,0.0568,100.074,4,0.211,13,64.0,2019,0
877,3zhNUU9EiHjVUBNbU5xLpZ,5.42e-05,0.532,180973,0.857,0.0,8,0.152,-3.337,1,0.0482,108.013,4,0.636,0,54.0,2017,0
878,4h4wVNsKtfV3EAaIuYdAin,0.000154,0.391,234895,0.936,0.00973,6,0.34600000000000003,-5.64,0,0.0706,88.005,4,0.406,9,46.0,2019,0
886,1y9AS8gXPuF8sn3K6Awbyb,0.00943,0.59,151631,0.6,0.0,6,0.123,-7.251,1,0.0307,91.964,4,0.389,59,58.0,2019,0
887,4PXEvraUYXAvDXH3SAXTp4,0.00185,0.381,193073,0.977,0.000161,8,0.066,-2.208,1,0.307,73.9,3,0.267,14,51.0,2019,0
893,6si7GYqINoURVIdZv6PJOc,0.000126,0.179,170676,0.972,7.81e-06,6,0.376,-5.921,0,0.163,116.415,4,0.0735,34,29.0,2019,0
895,6E5gsJm3t0RqmiHBfUBaya,0.000725,0.345,237065,0.89,2.98e-06,1,0.204,-4.175,0,0.0774,137.97299999999998,4,0.276,66,71.0,2019,0
899,3qc67Hflqzvw3hShw2phgG,0.0033200000000000005,0.8540000000000001,192813,0.637,0.0,4,0.103,-5.877000000000002,1,0.218,158.015,4,0.509,67,78.0,2019,0
902,3WzXJhi5jtc29EoOwjPf2D,0.964,0.407,148245,0.187,0.925,8,0.108,-16.436,0,0.044,117.264,5,0.0705,20,69.0,2016,0
904,4mfWRbvVp1wHxPj9fQFeUL,0.000114,0.499,196542,0.8909999999999999,9.46e-05,4,0.0939,-6.678,0,0.0858,162.131,4,0.263,39,47.0,2019,0
905,1IimAB0MnFDCNdfjrorj71,0.336,0.877,113546,0.435,1.61e-06,4,0.068,-6.7360000000000015,1,0.18,94.979,4,0.6920000000000001,57,75.5,2019,0
909,43ym1J3AOSgzVXEvyoSZI3,0.000301,0.499,251226,0.96,9.17e-06,10,0.317,-6.2810000000000015,0,0.0442,140.013,4,0.448,46,56.0,2019,0
911,232W8a3C1Kjz9Mr9OjXOhl,0.0577,0.652,262226,0.728,0.0,7,0.0524,-5.382999999999999,1,0.0402,141.886,4,0.87,32,50.0,2019,0
913,25cJePcRAgKUKtjH8Wm1MQ,0.883,0.563,452066,0.451,0.835,3,0.129,-9.438,1,0.0317,99.868,4,0.47,55,47.0,2019,0
914,4D76A1zS692GBpjiOGEVFH,0.86,0.426,401586,0.149,0.0008210000000000001,9,0.0821,-16.027,1,0.0298,91.792,4,0.57,0,19.75,2019,0
916,03g5DB4rgpfWqMfoNMYTbw,0.184,0.535,256917,0.524,9.73e-05,6,0.119,-7.525,0,0.0367,88.001,4,0.231,54,56.0,2019,0
917,0upqZcB5Dq5xeIgYWol8Z4,1.94e-05,0.536,306613,0.987,0.414,1,0.0707,-4.369,1,0.121,130.016,4,0.278,7,44.0,2019,0
919,22kexnoWsw5tFGIjFTOLeM,0.593,0.7120000000000001,188839,0.469,0.0,8,0.125,-5.6160000000000005,0,0.0405,93.04,4,0.383,57,50.0,2019,0
920,4zaAWbOc210ialliuBkkK1,0.541,0.462,187960,0.536,0.0,1,0.108,-10.335,0,0.35200000000000004,96.086,4,0.502,63,70.0,2019,0
925,6Vdyu21iT8qScU1haSjWUU,0.0163,0.76,171646,0.755,2.95e-06,6,0.0909,-4.735,0,0.19,101.993,4,0.517,74,80.4,2019,0
927,4MbJlBkNTEXGJ0sL8U5ABN,4.4e-05,0.362,266014,0.974,0.0149,1,0.231,-4.481,0,0.105,199.999,4,0.521,8,50.0,2019,0
928,19zPT36WogsfBd8HIaUnt4,0.0223,0.623,269893,0.7609999999999999,0.000246,0,0.39,-6.084,1,0.0312,99.055,4,0.456,61,76.0,2019,0
932,2Smeb5R5N2aCYAi7cIhema,0.988,0.479,440133,0.146,0.6920000000000001,7,0.103,-14.319,1,0.0351,111.643,3,0.07,11,43.5,2017,0
937,1RqqeevkaxEi0m8xk7N61M,0.936,0.07,387786,0.0284,0.518,11,0.0667,-27.005,0,0.046,58.94600000000001,4,0.0391,1,27.5,2019,0
939,1UKoieiyXHc1mcuc52801d,0.107,0.5660000000000001,253046,0.7,0.000169,5,0.273,-4.312,1,0.0519,200.085,4,0.962,15,35.0,2019,0
946,4eFvubnLRBu8vMPZqu5eC9,0.269,0.643,239439,0.7509999999999999,0.0,5,0.0507,-5.215,0,0.116,129.143,4,0.735,73,85.0,2019,0
947,0RHTXb9iLJgAzkk5NkFunj,0.994,0.364,181036,0.103,0.951,3,0.111,-19.284,0,0.0598,149.235,3,0.155,15,53.0,2017,0
948,6lCyewH5FqQ2fjcMQJDLiH,0.000453,0.447,268986,0.98,0.0,5,0.34700000000000003,-6.146,1,0.069,95.056,4,0.423,35,34.0,2019,0
949,4eEQe7imsy6IbltZeH4Rfh,0.913,0.389,528946,0.16899999999999998,0.0781,10,0.114,-14.333,1,0.0456,77.793,3,0.187,56,54.0,2019,0
951,0FkQe6rxynrYmiStjlIpZY,0.00895,0.703,193953,0.586,0.0,5,0.599,-7.923999999999999,0,0.0945,96.987,4,0.654,42,50.0,2019,0
955,3vKI62pDdIzzwqbmaeYH2A,0.995,0.595,111525,0.0516,0.933,9,0.0696,-32.302,0,0.045,115.159,4,0.204,0,58.0,2019,0
956,7cACHi6eTuuxtgBfU5tEpr,0.8440000000000001,0.28800000000000003,223560,0.11,0.851,7,0.275,-22.246,1,0.0477,126.502,5,0.28600000000000003,23,56.0,2019,0
957,1uvdw2mMZo4nH85S6Zbf5L,0.0778,0.8220000000000001,219667,0.521,0.000102,1,0.0945,-6.347,0,0.102,76.013,4,0.22,67,69.0,2019,0
959,6MLt3bWCF88clV0y3aiP1T,0.00149,0.53,220896,0.977,0.0,0,0.155,-2.3,1,0.0736,118.983,4,0.28,49,69.0,2018,0
963,4ZUlQw3KS7qiBrgJxSyel0,0.975,0.385,586185,0.3,0.374,3,0.769,-12.746,1,0.0363,90.703,4,0.253,52,39.0,2017,0
964,79fmhV6NAraE4Xz3MIXnN4,0.974,0.385,182653,0.0562,0.532,11,0.107,-14.812,1,0.0415,116.666,4,0.192,50,46.0,2016,0
965,540Gpgt7KznLVQNDRukVy3,0.994,0.313,161306,0.013,0.878,10,0.116,-29.848000000000006,1,0.0387,66.997,4,0.2,57,62.0,2019,0
966,6KOBMsYaTl9ehUTF3NcX3c,0.924,0.17,235786,0.274,0.882,7,0.113,-14.759,1,0.046,78.858,4,0.0394,61,66.0,2017,0
967,30WYlOTUkGayw4Qo4Y9sYX,0.8959999999999999,0.179,186080,0.211,0.76,5,0.431,-11.936,1,0.0326,174.248,3,0.231,59,46.0,2019,0
968,1z2FcRqCR6byfXDSvHq8E4,0.986,0.382,424243,0.158,0.823,10,0.127,-12.962,1,0.0466,46.95,4,0.314,55,44.0,2018,0
969,3uChBSf2CVBKGdhlhnXkCz,0.992,0.28300000000000003,369384,0.085,0.92,1,0.106,-23.095,0,0.0464,70.608,1,0.128,56,60.5,2017,0
972,43tLjduNA04oMB8ljgMI6P,0.862,0.546,323696,0.101,0.416,5,0.119,-15.582,0,0.0482,114.105,4,0.27,16,44.0,2019,0
973,5FiRXKrXSDYyhXbPeimIPL,0.000188,0.444,181506,0.979,6.61e-05,8,0.293,-4.319,1,0.158,161.97799999999995,4,0.277,31,29.0,2019,0
980,2xECSFHPgCyElhTVRaHVYP,0.000285,0.53,232640,0.988,0.0,7,0.222,-2.406,1,0.121,101.28,3,0.521,62,80.0,2018,0
981,7JrrzKeww3NKUH48l6ODeC,0.00229,0.496,162306,0.802,0.0,8,0.243,-4.492,1,0.0628,159.994,4,0.695,45,56.0,2017,0
982,4GSjFSK1SM78wPTVbsSB0S,0.00356,0.31,251106,0.825,0.0,1,0.6409999999999999,-4.53,1,0.0563,89.885,4,0.475,62,61.0,2018,0
983,51rdCmgHBzg9HJ7eHjVRK9,0.00119,0.645,204266,0.85,0.0,7,0.241,-4.184,1,0.193,90.999,4,0.45,59,60.0,2019,0
985,6g9FyBtYg9qnpF2IP1Cd0J,0.374,0.38,239120,0.624,0.000443,3,0.173,-7.346,0,0.0914,87.654,4,0.364,51,56.0,2019,0
989,4CY09ZCdgvjtCaw0fGITbN,0.941,0.53,406920,0.225,0.691,10,0.284,-13.663,0,0.0414,135.262,4,0.195,58,46.0,2019,0
990,2ncnr8AuzqAabOGEIoA863,0.965,0.456,330615,0.276,0.0525,5,0.0775,-7.419,1,0.0316,103.335,4,0.157,59,54.0,2018,0
994,3JvJupyJyXk9aWtSXyZqcc,0.366,0.534,243000,0.578,0.00432,7,0.119,-7.541,0,0.123,159.832,4,0.252,67,81.5,2019,0
995,32jaWAd6jjN1TqRSSFqRoO,0.409,0.669,198602,0.852,0.0235,7,0.335,-5.718,1,0.0549,111.028,4,0.851,33,30.0,2019,0
996,2TuRqxy7EI8gMGDQFt3iTV,0.256,0.61,284573,0.65,1.51e-05,7,0.431,-7.0920000000000005,1,0.0353,79.957,4,0.586,64,57.0,2019,0
997,2Ay0Vr9icpICeKkUDbBExd,0.161,0.84,204473,0.63,0.0,0,0.0641,-7.147,1,0.359,76.059,4,0.6559999999999999,68,79.5,2019,0
999,54iGvvolO3HavI3VAcNT1p,0.996,0.383,203554,0.152,0.925,8,0.135,-20.096,1,0.0476,125.03,3,0.594,0,27.75,2019,0
1001,0QapunlwO9vnL5X6h4YF18,0.00151,0.368,191756,0.968,0.0,2,0.419,-2.709,1,0.0737,168.025,4,0.52,56,63.0,2018,0
1004,0kqSoxGFjMZ4ioLRUmh20p,0.0615,0.504,251173,0.8370000000000001,0.000162,5,0.104,-7.82,0,0.134,157.056,4,0.545,36,42.0,2019,0
1005,6oe2HcrgnNU66Eyq8BY45Z,0.00115,0.568,230933,0.907,0.0,5,0.0982,-4.641,0,0.0488,112.037,4,0.337,3,79.0,2018,0
1006,4JHItqtk4k5wv207UO1D66,0.951,0.333,284880,0.0794,0.00389,7,0.0911,-17.612000000000005,1,0.0363,96.666,4,0.0568,52,40.0,2018,0
1007,3b4UCeSQRUQF4B1thAPfoO,0.0746,0.669,186884,0.8340000000000001,0.000447,8,0.26,-3.646,1,0.0465,86.95200000000001,4,0.467,4,64.0,2019,0
1008,4KhsLpDlV1TeeIbwBTTrc3,0.59,0.4920000000000001,187893,0.807,1.8e-06,10,0.301,-2.177,1,0.0372,81.154,4,0.828,35,26.0,2019,0
1009,6lNGQqEos6i2KxISBn24Xc,0.225,0.455,241608,0.455,1.16e-05,0,0.151,-8.883,1,0.0336,79.872,4,0.223,45,57.0,2019,0
1012,3lCfyDeaEYxEvJSnhv1ek3,0.0315,0.505,236282,0.911,1.83e-05,10,0.0745,-3.006,0,0.0624,81.978,4,0.281,54,66.0,2019,0
1016,6GfO9XGg9msjsDhxQdUSJw,0.936,0.295,225407,0.11,0.843,11,0.111,-19.118,0,0.0413,115.158,4,0.0391,17,69.0,2017,0
1018,6y5RJ3209YhOtCKhIcRYKN,0.0013,0.73,284520,0.737,0.0055,7,0.104,-7.2189999999999985,1,0.0881,108.034,4,0.742,42,49.0,2019,0
1020,53svvweaQrQOJoKHCAAnST,0.993,0.359,128679,0.0341,0.926,0,0.13,-26.662,0,0.0749,177.095,4,0.231,0,0.0,2019,0
1021,2CCmzGhfYm94gZslglEvaG,0.000633,0.319,243673,0.916,8.58e-06,6,0.108,-4.3439999999999985,1,0.0792,196.029,4,0.239,40,40.0,2019,0
1022,2pYaGdqXBrl8MdvuwgtBb7,0.00033,0.5479999999999999,244538,0.924,1.42e-05,11,0.162,-4.48,0,0.0689,124.031,4,0.242,69,78.0,2019,0
1024,5h20RGlw6iz3qM5Xc1XV3g,0.17600000000000002,0.404,259906,0.727,1.07e-06,8,0.149,-6.641,0,0.209,177.02700000000004,3,0.925,32,34.0,2019,0
1027,57A1DXfOmcPEFYenH27qTl,0.861,0.141,225852,0.147,0.8370000000000001,10,0.108,-16.075,1,0.0386,75.59,4,0.0325,14,60.0,2017,0
1028,1Hy0m0aaG67ttQZoytmKd8,1.05e-05,0.382,209480,0.94,0.293,8,0.349,-6.105,0,0.0682,145.987,4,0.35600000000000004,61,67.0,2019,0
1038,2SzfUlXBgyYKTJMPbbqPw7,0.972,0.336,286066,0.0937,0.0123,0,0.145,-20.317,1,0.0414,90.587,4,0.0992,14,53.0,2018,0
1040,477Vaa5czrnd9xB5lD4FZ2,9.12e-05,0.397,191250,0.961,4.08e-06,5,0.159,-6.525,0,0.107,168.076,4,0.446,2,42.0,2019,0
1043,0SMp3lpII2knpnuPxv86k6,0.0421,0.629,235716,0.591,0.0,6,0.114,-8.817,1,0.18600000000000005,115.932,4,0.359,52,60.0,2019,0
1049,6BMmyctJWWdbTHKpXkrja0,0.964,0.38,311480,0.054000000000000006,0.687,7,0.151,-21.941,1,0.037000000000000005,134.17600000000002,3,0.181,55,42.0,2018,0
1050,6ZjQdNDLdamNnObydK4Oqf,2.32e-05,0.386,197869,0.981,4.06e-05,8,0.284,-1.624,1,0.104,155.019,4,0.382,42,35.0,2019,0
1058,1cgdEk8AelPaCvdH1Df2CW,0.0496,0.17600000000000002,221426,0.0971,0.0247,10,0.103,-20.653,1,0.0365,76.976,4,0.0345,0,69.0,2019,0
1059,4GssB27iJeqmfGxS94Tfij,0.00821,0.461,220537,0.897,0.0,3,0.0965,-3.982,0,0.092,165.107,4,0.358,75,73.0,2019,0
1063,58t6mQBhUQikJPzOWuu7WX,0.126,0.5579999999999999,234453,0.8029999999999999,0.00159,8,0.19,-4.747,1,0.051,89.905,4,0.836,29,53.0,2019,0
1064,3ZnPVp4Frub6UadiiiGDD9,0.934,0.49,476992,0.114,0.262,7,0.124,-12.566,0,0.0359,97.158,4,0.15,54,41.0,2018,0
1066,3qocP5BEC1Bu4VVdJPvka6,0.00015,0.602,178532,0.907,7.299999999999999e-06,0,0.0812,-4.578,0,0.0495,116.068,4,0.642,51,52.0,2017,0
1067,5bEwHEb1GAugl8YXVwPkHZ,0.000396,0.35100000000000003,342200,0.962,0.071,5,0.0887,-4.12,0,0.115,169.185,4,0.782,44,61.0,2019,0
1068,1E5GRaFWilTwn4w0oF9h2V,5.27e-05,0.254,159413,0.898,0.0,1,0.0767,-4.843,1,0.0641,147.233,4,0.477,4,35.0,2019,0
1069,6J8Z1UJG7uTS1mhZsgmJCp,0.898,0.429,457267,0.118,0.569,10,0.298,-19.942,0,0.039,112.864,3,0.172,57,45.0,2018,0
1075,0PqoaAcHfJirR8HFtQKMuz,4.66e-05,0.417,223493,0.966,0.00183,4,0.135,-5.5360000000000005,0,0.0506,84.012,4,0.509,39,49.0,2019,0
1079,6MBT2rtlyXmTcZqYEAvmjL,0.245,0.486,272933,0.945,8.78e-05,2,0.373,-2.673,1,0.0356,131.645,4,0.957,35,27.0,2019,0
1082,3ko9wLdGCwNtK6HkDG6wc4,0.0030800000000000003,0.604,304632,0.7879999999999999,0.146,10,0.0614,-5.272,0,0.0267,111.093,4,0.8590000000000001,33,36.8333333333333,2019,0
1084,3IHXfgPhTmYAJXVzGkJUZ8,0.984,0.314,88500,0.0995,0.923,6,0.0903,-18.716,1,0.0403,211.609,4,0.184,60,64.0,2017,0
1087,0FDoWJIBzdoAtMVN5hhBfP,0.988,0.377,127962,0.0343,0.918,7,0.0993,-27.394,0,0.0365,112.494,4,0.112,0,29.0,2019,0
1089,2P7GzumACpq7iFYxjbFKfP,0.0555,0.725,272141,0.5710000000000001,0.0,9,0.229,-6.379,0,0.0762,134.94299999999998,4,0.324,59,58.0,2019,0
1091,21kpN8oVe7EmuBxB8BBGYd,1.61e-06,0.441,289560,0.955,0.7340000000000001,9,0.3,-8.29,0,0.125,159.999,4,0.0927,27,22.0,2019,0
1092,3tuIhwxwvNXhQ3YquLYXAV,0.0131,0.516,214000,0.5710000000000001,1.01e-06,6,0.117,-7.814,1,0.0279,129.95600000000002,4,0.332,8,45.0,2019,0
1093,2KJwci3DPtYbfg7pxczvWf,0.000541,0.467,183437,0.944,0.000916,6,0.457,-4.202,0,0.0771,155.033,4,0.5660000000000001,62,68.0,2018,0
1094,3lw4OExcjj4kba4uU9gF4P,0.935,0.428,285601,0.187,0.853,10,0.103,-21.001,1,0.0375,108.962,4,0.18600000000000005,53,45.6666666666667,2016,0
1095,4otQJBpb8okSeykALR3eCH,0.0564,0.685,183137,0.667,0.0,8,0.115,-3.837,1,0.0365,95.518,4,0.643,76,83.6666666666667,2019,0
1096,0mx2SptsYoBU1fU1xdNWU8,0.133,0.495,206893,0.7190000000000001,0.0,4,0.152,-6.84,0,0.131,94.782,4,0.32299999999999995,46,83.5,2019,0
1098,6seM27tkVi4mpADMxar5iL,2.83e-06,0.406,291923,0.718,0.6409999999999999,8,0.0438,-7.0939999999999985,1,0.0505,130.026,4,0.301,24,28.0,2019,0
1102,13fMXmeTTidhcgVev1Jp4C,0.93,0.135,163629,0.499,0.907,0,0.35100000000000003,-17.65,1,0.111,100.733,4,0.0339,14,60.0,2017,0
1103,5pWTU5vUUukvIipllDsr8t,0.000194,0.461,233617,0.813,0.32299999999999995,6,0.358,-6.827000000000001,1,0.0551,117.605,4,0.162,30,30.0,2019,0
1108,55YyC1LGhnVgV9EgyH6ybf,9.44e-06,0.503,207266,0.96,0.675,0,0.873,-5.0760000000000005,1,0.0814,95.003,4,0.3,41,43.0,2019,0
1109,7iT68o80igDhlZmhsXic9g,2.11e-05,0.5,168000,0.982,0.16399999999999998,1,0.0637,-3.207,1,0.192,140.03,4,0.17800000000000002,0,25.0,2019,0
1116,36A1mSV22kPmcVkKaUUzog,4.74e-05,0.0913,452028,0.982,0.51,11,0.0621,-5.874,0,0.332,180.249,4,0.0376,9,16.0,2019,0
1120,4Hus6AQNHezUdbBKuo1aE8,0.7859999999999999,0.446,258226,0.188,0.0916,7,0.104,-17.215,0,0.0303,107.147,4,0.0988,54,46.0,2018,0
1122,3sB7G9kHOJIFicCYBr2CPp,0.192,0.5710000000000001,126755,0.899,0.0,11,0.204,-3.505,0,0.0342,119.242,4,0.8590000000000001,35,43.0,2019,0
1123,1iNE14jpYWtLoeQitCoYaG,0.927,0.409,314573,0.11,0.916,8,0.113,-24.435,0,0.0415,113.933,4,0.128,52,45.0,2018,0
1127,4x241uAmPrxKZdCZKt2r5t,7.35e-05,0.5529999999999999,216571,0.868,0.0359,6,0.0934,-4.186,0,0.048,140.047,4,0.5,60,76.0,2019,0
1128,0hAIs32U2SmJcXymlcyF8h,0.00251,0.482,245861,0.946,0.0,4,0.0466,-3.2310000000000003,0,0.0853,135.071,4,0.287,68,72.0,2017,0
1129,5ONoZEMrJXvCkLZkhYXu3p,0.873,0.412,219772,0.16899999999999998,0.44,5,0.0879,-22.38,0,0.0461,145.719,4,0.274,1,50.0,2019,0
1131,4aUrYkpfMzm2DVfG1Pplzk,0.97,0.374,570786,0.118,0.8290000000000001,2,0.083,-16.48,1,0.0365,145.312,5,0.0954,58,54.0,2019,0
1133,2KW8bxVLFO7byLRaGnSyaf,0.000355,0.494,191813,0.878,2.81e-06,4,0.4970000000000001,-3.951,1,0.075,135.01,4,0.385,0,54.0,2017,0
1137,75MUAXmFXalRbe44eYPzfG,0.947,0.579,252773,0.146,0.892,0,0.0827,-23.586,1,0.0367,125.036,4,0.423,47,45.0,2017,0
1138,3zUwwYcmob803s2Bkck8GY,0.00796,0.54,247373,0.967,0.0,1,0.6829999999999999,-4.174,0,0.162,136.89600000000002,4,0.293,64,62.5,2017,0
1139,1i2t3VyIcsAonPhK6wjuJp,0.0456,0.54,180082,0.833,0.0,7,0.103,-5.691,1,0.039,134.99200000000002,4,0.447,50,44.0,2018,0
1145,0xr7t6jQWzFsZ9XwfcxAu7,0.0877,0.525,172500,0.5670000000000001,0.0,0,0.0774,-7.263,0,0.17600000000000002,96.926,4,0.685,68,80.0,2019,0
1148,1UJMQtiCSotiEyEvB65Na1,0.987,0.336,313693,0.0452,0.086,8,0.16,-20.593000000000004,0,0.033,87.25,4,0.219,60,49.6666666666667,2018,0
1149,3lSmqSxKfboUfnbIJa8eGY,5.64e-06,0.229,155892,0.996,0.0006519999999999999,2,0.226,-4.654,1,0.17800000000000002,95.412,3,0.123,26,14.0,2019,0
1150,2GFwwTIVLjnOrtP7m9luHC,0.000372,0.389,223173,0.885,0.000311,6,0.202,-5.063,0,0.0551,164.989,4,0.187,71,74.0,2019,0
1151,37W0yOBE5H4iOX285MN1wL,0.0255,0.488,227886,0.966,0.00263,7,0.332,-5.284,1,0.105,131.428,4,0.104,1,22.0,2019,0
1152,2mNr0dLMmLfkkQq4OjNQmX,6.19e-05,0.35700000000000004,213829,0.955,0.00114,6,0.108,-3.945,1,0.203,90.031,4,0.306,2,41.0,2019,0
1154,4pIKFpwflOdhYNIRmPTj3E,1.89e-05,0.619,219720,0.696,0.00555,7,0.38,-6.269,0,0.0315,125.986,4,0.727,64,74.0,2018,0
1159,4vr7q1NPXQhPysvuRkN91L,0.332,0.389,292258,0.6659999999999999,0.0,10,0.0842,-7.019,0,0.44,90.06700000000002,4,0.378,70,81.5,2019,0
1160,1xJTW86sJ1OoloXeOret6t,0.129,0.52,199173,0.644,0.000235,7,0.107,-7.09,0,0.0783,103.646,4,0.6,72,83.5,2019,0
1161,3PPgJlgCbwTP14BvcsQjYR,0.113,0.741,196662,0.8290000000000001,0.0,7,0.0857,-2.417,1,0.0369,98.516,4,0.701,49,80.0,2017,0
1165,4gNLBqA804jL5Gic3I6tEf,0.894,0.8059999999999999,237813,0.301,0.000634,2,0.054000000000000006,-11.634,1,0.0316,97.957,4,0.7140000000000001,33,32.5,2019,0
1169,7lSqt09mk5hlzVWLzYIuWI,0.0005690000000000001,0.607,195866,0.743,1.05e-05,2,0.201,-4.984,1,0.0376,127.942,4,0.752,58,60.0,2018,0
1173,4HIYFlCh5aZq0jwvsn2DoK,0.000236,0.44,172826,0.916,1.94e-05,4,0.0897,-4.222,0,0.266,124.099,4,0.401,59,73.0,2018,0
1174,4bIZ9j4SHomHdcTjh2rfhc,0.0004,0.385,199600,0.92,0.00946,3,0.179,-4.8610000000000015,1,0.126,158.046,4,0.449,41,48.0,2017,0
1180,2zK4tcebsnrmr6JuAq3yok,0.994,0.403,76600,0.142,0.95,9,0.152,-25.265,0,0.0464,95.8,4,0.266,0,0.0,2019,0
1183,3wotWHJs1TKc9c5qn7wo73,0.6459999999999999,0.383,405360,0.565,0.855,9,0.0961,-9.237,0,0.0336,121.44,4,0.126,0,15.0,2019,0
1184,22GEETI4LXhhePCO71PyEv,0.000181,0.362,177048,0.915,0.0,5,0.166,-3.244,0,0.181,162.226,4,0.603,60,73.0,2018,0
1194,1ASrG6U3BUVrd1fNjqdtmb,0.955,0.0606,211285,0.127,0.919,7,0.152,-23.393,0,0.0429,57.433,5,0.0317,0,0.0,2019,0
1196,4DbbQcjs1sfPFcUys9SbSy,0.0186,0.7659999999999999,270718,0.644,0.00539,3,0.0909,-5.754,0,0.0909,105.984,4,0.491,69,83.0,2019,0
1199,3ONcanYtZHMVcgqPDAsVHd,0.958,0.4,364626,0.14400000000000002,0.878,10,0.119,-15.52,1,0.037000000000000005,120.329,4,0.146,51,37.0,2016,0
1205,2DJW1M9ApPR0kuGb1IVJzJ,0.992,0.3,376198,0.00305,0.928,7,0.0805,-30.576,0,0.0627,144.796,3,0.0502,1,43.0,2019,0
1206,4Uecyf82f85MdvnGLA4SWE,0.974,0.401,265526,0.209,0.853,1,0.0905,-17.160999999999998,0,0.0308,72.415,3,0.075,52,44.0,2017,0
1207,3cjPSKlHrekNwiE1fZybZ5,0.00127,0.436,225027,0.7609999999999999,0.00403,8,0.173,-2.43,1,0.0506,142.02700000000004,4,0.282,68,82.0,2019,0
1208,2pwlHgbJDPpvZgwVPMtqR1,0.000125,0.398,413093,0.871,0.0813,1,0.0906,-4.7860000000000005,1,0.0632,129.991,4,0.0737,49,49.0,2019,0
1210,47XdLvwJbkEAMRFne9RQli,0.813,0.139,311278,0.16399999999999998,0.163,0,0.084,-16.787,1,0.0375,84.13,4,0.0388,0,10.3333333333333,2019,0
1213,5OejDZoN7KYcDUZhj9gxNL,0.000106,0.299,231989,0.977,0.268,6,0.14,-3.832,0,0.118,119.951,4,0.29100000000000004,37,38.0,2019,0
1214,4zI7i4nbKpLVba3JJTaszz,0.815,0.598,339846,0.412,0.000352,11,0.114,-9.838,1,0.14,146.039,4,0.431,52,62.0,2019,0
1216,1w3XQHyd4stGaZmIlBU3cr,0.0013,0.5,214666,0.948,0.0228,3,0.16399999999999998,-2.8560000000000003,0,0.0612,90.061,4,0.508,48,41.0,2019,0
1219,7iGPqNL9iJjd6e998NqPYo,0.191,0.6859999999999999,163053,0.6990000000000001,0.000301,1,0.272,-4.854,0,0.0468,77.01899999999998,4,0.682,62,75.0,2019,0
1224,03o0ZeDrgNNZE4Qd0qkjLy,0.994,0.307,124826,0.184,0.852,10,0.166,-20.575,1,0.0328,98.325,4,0.544,18,50.0,2019,0
1225,4pjfuYz6ljyMNkJO6tbPFh,0.171,0.759,139834,0.534,0.0109,5,0.113,-6.669,0,0.0552,149.969,4,0.0666,67,58.0,2019,0
1226,6nEFWWs5MP1lAyOdcq0JOB,0.983,0.304,125184,0.337,0.919,2,0.113,-15.16,0,0.0355,111.026,4,0.246,14,47.0,2016,0
