id,acousticness,danceability,duration_ms,energy,instrumentalness,key,liveness,loudness,mode,speechiness,tempo,time_signature,valence,track_popularity,artist_popularity,year,hit
7IP0lO9tHfNwBWZ9X6TJ84,0.161,0.635,213733,0.677,0.0,10,0.154,-5.548,1,0.0909,94.95,4,0.253,75,86.0,2019,0
3ukHd0WiyOqNrEopXIbqXl,0.112,0.791,116971,0.411,0.0,1,0.126,-10.44,1,0.0643,123.031,4,0.0891,24,51.0,2019,0
0ZATh6hRRsxLpgQhTI4uCL,0.109,0.646,125798,0.878,0.0,6,0.676,-5.914,0,0.253,81.816,4,0.969,6,3.5,2018,0
01GmGxOPy22EdAZGC0X6q1,0.802,0.64,299167,0.644,0.0,5,0.101,-5.698,0,0.37,85.397,4,0.569,64,87.0,2019,0
1Z8gpnzgTFQKAwmV43iLBB,0.0242,0.642,150160,0.538,0.0,8,0.273,-7.206,1,0.0696,143.921,4,0.57,77,81.5,2019,0
46ZvHWCyLC3DBYTkarOPyy,0.626,0.544,187000,0.446,5.71E-05,10,0.136,-9.957,0,0.0861,164.93,4,0.0891,19,54.0,2018,0
2RJfK2pOvGpnxC255YOy5k,0.00199,0.768,212853,0.826,0.000374,5,0.031,-4.904,1,0.0335,114.997,4,0.926,66,80.0,2017,0
1gFwPpN5n2oG0Sha0kYiaq,0.61,0.484,231025,0.692,0.0,9,0.0984,-6.612,0,0.0954,112.981,4,0.211,0,81.0,2016,0
5mr06ofu0NYuw3XpiokMct,0.21,0.746,246970,0.862,0.0363,8,0.225,-6.11,1,0.0776,122.011,4,0.604,70,69.5,2017,0
00TYv5NLZkKXq5KJZ6LMDt,0.0316,0.831,165720,0.604,0.0,0,0.091,-6.741,1,0.273,87.955,4,0.406,63,81.0,2019,0
64NK10t0B8qAyDno7pYPzy,0.202,0.665,228336,0.333,0.0011,6,0.11,-7.138,0,0.0538,163.908,4,0.337,51,51.0,2018,0
7vY4ATettZurJp378JY4Xr,0.136,0.858,205600,0.411,0.000274,2,0.114,-7.767,1,0.37,150.028,4,0.248,51,66.0,2018,0
6WSBZroxQaO3FYEpT2ACFH,0.606,0.673,285520,0.61,0.0177,4,0.116,-8.386,0,0.191,152.062,4,0.759,64,89.0,2016,0
5qUDYpihgX7UkBs15219WT,0.00872,0.743,123936,0.311,0.525,1,0.11,-13.114,1,0.224,77.49,4,0.595,40,62.0,2019,0
1CVAENDG5VY05pEHh0ViXL,0.134,0.702,210590,0.614,0.00391,0,0.173,-4.385,1,0.0786,155.173,4,0.047,67,82.5,2018,0
23QyE9GQpXsX9WgEDADMa6,0.0036,0.685,150409,0.53,0.0,11,0.573,-5.298,1,0.286,157.012,4,0.55,64,84.0,2017,0
2U3LJfQB0ALLxC7Yy0QW7l,0.0158,0.833,246915,0.761,1.41E-06,11,0.161,-4.905,1,0.195,134.047,4,0.377,56,91.66666666666670,2019,0
4YrS33mjBWWchoLJTkAKwt,0.125,0.799,254962,0.698,0.0,9,0.0778,-5.947,0,0.169,121.998,4,0.799,65,86.0,2019,0
1IZwCzAmaFmmdJj0cmhaax,0.482,0.641,185466,0.68,0.0,0,0.101,-7.64,1,0.23,146.116,4,0.574,66,56.0,2016,0
1zXpHPdBAUxnOCQqFMFLk3,0.000614,0.551,247280,0.825,0.307,2,0.115,-5.813,1,0.0306,107.031,4,0.686,56,53.0,2016,0
3nn7OPFCwHblA3BUIip8gd,0.265,0.72,150358,0.626,0.0,1,0.327,-9.2,1,0.0493,115.023,4,0.302,20,63.0,2016,0
1faIb3PPSzEifCHUOJ691R,0.0298,0.616,196111,0.669,0.0,1,0.127,-5.791,1,0.32,154.056,4,0.275,75,78.0,2019,0
3e5Ffop8U5tLpOF4PCjCT9,0.203,0.884,164064,0.443,0.0,2,0.312,-11.442,1,0.74,119.955,4,0.175,58,45.0,2019,0
0sTgHAn5mxtQXeb1BsLSKC,0.0276,0.796,201750,0.623,0.0,7,0.217,-3.156,1,0.148,80.036,4,0.26,61,57.5,2018,0
1aVpKLN7iPYJMi4FGaYYCa,0.402,0.558,249230,0.363,0.0,0,0.11,-7.493,0,0.15,102.271,3,0.154,7,17.0,2018,0
0sZbpeW4jE10nim44g55rw,0.00177,0.759,180982,0.474,1.27E-06,1,0.218,-7.821,1,0.2,150.059,3,0.185,39,70.0,2019,0
6PAr1wwpxJQhHn2c6wKN4O,0.689,0.796,160114,0.495,0.0,8,0.107,-9.895,0,0.251,120.001,4,0.506,50,51.0,2019,0
1ung2kajpw24AaHjBtPY3j,0.000692,0.899,204787,0.448,2.36E-05,1,0.365,-8.789,1,0.0738,145.975,4,0.302,66,80.33333333333330,2018,0
5A6tFAdihqILHJrWuR6wD4,0.0382,0.874,215327,0.647,0.0,1,0.215,-5.256,1,0.441,154.04,4,0.228,73,91.0,2019,0
4rd0Bdyo4PIN5KYef0m9uD,0.121,0.817,176453,0.646,0.0,5,0.0948,-7.871,1,0.305,98.031,4,0.666,61,74.0,2018,0
4ETgPn8Pc9ljGSLLuvWonJ,0.104,0.675,209053,0.719,0.0,0,0.252,-6.567,0,0.0743,121.999,4,0.568,49,83.5,2019,0
6w2VaBGWcColW05nZROWvS,0.00979,0.48,339520,0.523,0.0,7,0.143,-8.304,1,0.105,137.671,5,0.0979,57,88.0,2016,0
1CiR9MK8zVPKtGrHe4LFPb,0.00418,0.957,290325,0.46,0.000748,1,0.0947,-7.513,1,0.325,123.951,4,0.191,61,84.0,2019,0
64YhfeTI1gvL2xRI9P7lXq,0.122,0.82,145697,0.87,0.0,6,0.0678,-3.578,1,0.216,80.022,4,0.823,54,90.5,2018,0
0ZXia0LUmj7r0CK5YOWdTu,0.0111,0.671,237226,0.744,0.0,0,0.11,-8.215,1,0.0613,113.011,4,0.744,38,83.0,2018,0
1rg0lQCceR4fJICWDX9b4g,0.67,0.66,187992,0.375,0.0,4,0.0716,-12.801,0,0.0985,78.951,4,0.554,0,38.0,2017,0
6VS7wKwtvL2FvTupYSWZ9e,0.141,0.724,196386,0.6,0.000218,10,0.104,-4.391,0,0.29,86.984,4,0.466,69,78.0,2018,0
230wNo1dnexltKYQbsW7oD,0.226,0.676,209488,0.623,1.66E-05,6,0.159,-7.297,0,0.0352,111.466,4,0.347,77,88.0,2017,0
6UG2khzlXwwiqfqX36c2SR,0.103,0.578,300986,0.486,0.0,0,0.0766,-7.321,1,0.252,153.1,4,0.29,56,83.0,2018,0
3EctmQ5vuYCcpbASfdue0M,0.0823,0.727,116151,0.418,0.0,1,0.0958,-10.125,1,0.234,153.042,4,0.393,0,10.0,2019,0
6hgEAYd3CimkLdOa4VgwTw,0.0936,0.964,171826,0.39,0.0,1,0.0929,-8.812,1,0.308,122.99,4,0.106,51,81.0,2019,0
6ayHLzQ9olHFNL9zOIwXYs,0.123,0.64,166887,0.767,0.0,11,0.111,-5.789,0,0.062,75.492,4,0.425,45,75.0,2018,0
2rqUblDWJKlMVwh9uJc0Vv,0.0283,0.838,302004,0.765,1.5E-05,7,0.0779,-6.299,1,0.28,137.767,4,0.635,72,75.0,2016,0
1mxTX8GuW3ziZp6REmUDZ3,0.586,0.745,229820,0.283,0.00108,5,0.114,-13.446,1,0.0435,76.01,4,0.135,53,48.5,2017,0
48AnfHcY01HOX0lHngb8ir,0.00527,0.531,283404,0.522,0.0,8,0.149,-11.215,1,0.0326,142.155,4,0.154,3,50.333333333333300,2017,0
7w45f9uLSXE56Bezwjdl8B,0.859,0.553,221266,0.556,0.269,0,0.112,-7.98,0,0.0296,127.959,4,0.0585,46,75.0,2017,0
0Ofqw9JLatNDAXozUOynst,0.175,0.707,226690,0.648,0.0,10,0.233,-7.83,0,0.0781,148.164,4,0.483,36,91.0,2018,0
17jeLyQcEUmKv3MXeEo79k,0.09,0.874,214159,0.727,5.83E-06,8,0.0759,-7.689,1,0.0777,98.97,4,0.427,61,61.25,2018,0
4LvRT9c5IKxC8GHVPAAaHb,0.1,0.803,221271,0.701,0.0,6,0.0488,-5.591,0,0.412,164.97,4,0.692,61,73.5,2019,0
2os0aK782bakCPmjow0SU0,0.218,0.534,374653,0.414,2.11E-06,2,0.103,-7.952,1,0.0403,117.079,4,0.458,62,63.0,2016,0
7iaw359G2XT14uTfV9feip,0.0411,0.615,223146,0.648,0.0,5,0.277,-3.792,0,0.22,169.912,4,0.26,67,86.5,2016,0
0nA2zH7QBV92QkSuwdCZbi,0.137,0.825,170955,0.682,0.0,8,0.122,-5.197,1,0.214,146.129,4,0.5,1,87.5,2019,0
0VDpNvWl5cfCVuld4Okl6S,0.0245,0.502,136000,0.734,0.0,3,0.171,-6.403,0,0.374,119.091,4,0.289,40,64.0,2017,0
1dzwFgBlZNxt28aQOinNGn,0.47,0.478,314653,0.326,0.000218,3,0.323,-10.992,1,0.0693,137.029,4,0.34,60,88.0,2018,0
1jQsKN68yE94tMYml0wHMd,0.136,0.747,213693,0.704,0.0,1,0.131,-6.743,1,0.0986,136.936,4,0.494,71,86.0,2017,0
0Tacxc5lDJ8LwiO1pWNSl8,0.371,0.631,240956,0.788,0.000317,4,0.108,-7.142,0,0.102,157.769,4,0.544,67,98.0,2019,0
1kdwmWhysFfl2tuvXOYifQ,0.00472,0.648,220421,0.612,0.775,8,0.0948,-9.547,1,0.0283,109.995,4,0.438,0,0.0,2017,0
00I0pcNkN3IOX3fsYbaB4N,0.0724,0.629,221892,0.608,0.0,2,0.0874,-7.247,0,0.0771,103.021,4,0.413,60,70.0,2018,0
0BOmhToQ03yOdpzYKMEnAg,0.232,0.848,181948,0.649,0.0,2,0.101,-6.083,1,0.315,118.04,4,0.629,79,92.0,2019,0
51lGztUKCzZXn5sbcxO2tZ,0.0271,0.867,171653,0.504,6.14E-05,1,0.11,-7.952,0,0.245,157.896,4,0.605,63,70.33333333333330,2019,0
0mOp9tWdCRHfYwwVaO8ezw,0.293,0.759,189443,0.562,0.0,9,0.0979,-6.228,0,0.149,145.139,4,0.706,57,92.0,2019,0
6PERIHkBiC11KuRsKXp1SQ,0.0862,0.656,174196,0.289,0.0176,6,0.101,-15.832,0,0.128,158.056,4,0.204,0,10.0,2019,0
1BybndP1YgPEIk6WUnL6kT,0.257,0.686,233265,0.701,0.00281,5,0.088,-5.702,0,0.0968,173.994,4,0.605,62,66.0,2018,0
6sZUGkgvbNfd4rabcQ8Tj7,0.0556,0.589,176383,0.649,0.0,7,0.0884,-5.594,1,0.52,162.214,4,0.253,58,87.0,2019,0
3WyRgi8CzQnhzO0xw79tTS,0.128,0.755,141826,0.772,0.0,6,0.157,-5.585,1,0.4,132.906,4,0.678,81,94.0,2019,0
2gCZzizzCdcWHqksfvJbpN,0.101,0.802,76693,0.673,7.33E-06,10,0.109,-5.108,0,0.248,150.915,4,0.659,56,79.0,2019,0
40d4m1eI0erCRKLXz55RtT,0.137,0.285,339746,0.496,0.409,6,0.125,-9.839,0,0.0338,124.441,4,0.227,53,66.0,2018,0
12MGFZIqiXncwMsufAwfC9,0.00474,0.712,123600,0.493,0.0,5,0.158,-7.129,0,0.278,139.84,4,0.246,45,88.0,2019,0
1LZPELQqai6rO6JgvZtElr,0.403,0.614,197833,0.749,0.0,2,0.102,-3.378,1,0.138,170.186,4,0.432,51,71.5,2019,0
0bXFIF7iL17TYLyx8JHziM,0.0252,0.806,198109,0.77,0.0,1,0.0645,-6.464,0,0.19,152.094,4,0.406,68,86.0,2017,0
6H0dvZoFJCMmai10qAwTpv,0.043,0.805,127367,0.531,0.0,5,0.116,-7.463,1,0.241,151.987,4,0.789,65,91.0,2019,0
4aIoxZWHySrA3BpnmeREXJ,0.0572,0.677,229854,0.723,0.0,7,0.268,-5.111,1,0.182,124.01,4,0.474,46,61.0,2018,0
1lishk8i5ATCioX1YZikMM,0.241,0.803,167760,0.66,0.0,1,0.384,-3.257,1,0.276,104.955,4,0.736,30,72.0,2016,0
1Uq3IOIy1CUlHUgP6vWpum,0.257,0.705,226494,0.453,0.0,3,0.143,-8.174,1,0.196,124.942,4,0.283,66,88.5,2016,0
3LcUbgcQLAT0q2HD8ciHep,0.0831,0.707,189586,0.497,0.0,10,0.0868,-6.829,0,0.387,176.119,4,0.214,33,38.0,2017,0
1oNcc2isuz7d3hc1fMoHqj,0.0623,0.742,149760,0.616,0.0,1,0.111,-6.285,1,0.179,150.855,4,0.396,62,80.0,2018,0
4ARVOseubTy8diNXrX072H,0.774,0.686,245008,0.122,0.0,2,0.172,-11.747,1,0.036,127.873,3,0.241,30,56.0,2018,0
6efkcs2aUBMFKxl0cl2JWQ,0.554,0.639,169319,0.295,3.09E-05,0,0.3,-11.237,0,0.544,86.947,4,0.634,67,74.0,2017,0
0ZK8TGOsngrstVPsnrHbK1,0.00322,0.515,287080,0.804,0.00229,6,0.149,-5.345,0,0.0398,123.969,4,0.298,69,66.0,2018,0
18pwD0HrweX8oCgIkayRb4,0.0936,0.79,151836,0.518,0.0,8,0.357,-6.571,1,0.212,97.986,4,0.487,74,78.0,2018,0
3utfoMNKSTPd4EH99JDaJY,0.559,0.733,120015,0.513,1.48E-05,6,0.174,-5.068,0,0.0389,79.972,4,0.564,47,51.0,2019,0
5zsQiqQgr5Ta70y2czV280,0.0228,0.656,168007,0.572,0.0935,2,0.164,-8.21,1,0.0627,159.843,4,0.176,45,47.0,2018,0
6SIR9Zx1I9VaFDPj99z9JW,0.0679,0.775,238069,0.516,0.0,2,0.152,-5.924,1,0.32,78.022,4,0.419,33,84.5,2019,0
2S0hEABMSJ8PzP34xouIFo,0.635,0.725,154673,0.546,0.0,11,0.113,-8.813,1,0.0514,93.998,4,0.416,43,75.0,2018,0
7FX3ZWE70VRjsprg5oeECc,0.0106,0.598,187813,0.914,1.22E-06,4,0.369,-3.752,1,0.0878,103.972,4,0.531,62,69.0,2016,0
1hHe7cirScEJWgAS0JFqTL,0.0185,0.951,192906,0.401,0.0,0,0.149,-8.92,0,0.411,129.976,4,0.539,66,93.5,2018,0
7CEJH5Ed7FBbXF6CqBQPlJ,0.0336,0.943,215423,0.544,0.0,10,0.0954,-6.292,0,0.0642,133.012,4,0.515,64,92.0,2017,0
3L0IKstjUgDFVQAbQIRZRv,0.0119,0.725,192026,0.723,0.0,8,0.086,-6.067,0,0.16,140.003,4,0.509,70,84.0,2018,0
432hUIl3ISDeytYW5XBQ5h,0.219,0.395,301586,0.392,0.00173,1,0.134,-8.034,1,0.0925,155.856,4,0.103,74,95.0,2016,0
3DgzTq5s4XJgikJgY0QWE5,0.0475,0.346,156003,0.568,7.03E-06,7,0.13,-7.468,1,0.219,81.982,4,0.228,43,64.0,2017,0
1WRzux3cJRM9xRNN99QKgR,0.28,0.777,112000,0.707,0.0,9,0.0749,-4.85,0,0.286,159.662,4,0.614,67,71.0,2017,0
76tGvMdmFKuiMew33ZNNA9,0.0427,0.406,456000,0.647,0.193,3,0.1,-10.453,1,0.0413,180.044,4,0.344,75,78.0,2016,0
3lhY1hhcUFax8vPoWXR3oD,0.043,0.563,175879,0.663,0.0,1,0.121,-7.8,0,0.0337,200.015,4,0.703,34,22.0,2016,0
6RWa3fCOR5QQrQ9A3Wd3KR,0.394,0.769,164038,0.627,0.0,7,0.106,-4.064,1,0.262,157.938,4,0.49,2,91.5,2018,0
4i32ns3wiz22LjTDkoED08,0.193,0.767,225725,0.397,0.0,5,0.118,-9.798,1,0.0898,64.937,4,0.477,50,86.0,2017,0
2NyrXRn4tancYPW6JwtTl2,0.195,0.851,158684,0.625,0.0,10,0.266,-5.417,0,0.303,99.061,4,0.668,73,81.0,2017,0
30bPWrUfDae4AfR9jXAjQ3,0.0257,0.857,218538,0.386,7.04E-05,1,0.13,-11.824,1,0.373,83.994,4,0.523,30,60.2,2019,0
1BECwm5qkaBwlbfo4kpYx8,0.0137,0.462,203506,0.538,0.0,0,0.429,-5.527,1,0.059,139.256,4,0.405,76,88.0,2016,0
3wGXyJGsCf1myH5MooQIqE,0.00266,0.766,140000,0.606,0.0,9,0.166,-6.064,1,0.456,160.223,4,0.352,75,71.0,2017,0
2wCXUSuJAJ11ksikkIOIkn,0.425,0.774,110149,0.609,0.0,0,0.133,-8.488,1,0.096,154.994,4,0.187,0,10.0,2019,0
4eL9UZBJ6imyD6brPMTjKs,0.0247,0.609,150160,0.64,0.0,10,0.079,-7.633,1,0.0432,141.957,4,0.425,70,81.5,2019,0
4Z2Oy23dKrPsLsvdsvuWd3,0.00162,0.762,172460,0.863,0.0,2,0.34,-3.735,1,0.199,99.984,4,0.349,47,52.0,2019,0
128LxJ3uKcq4e5oAOOLRPr,0.432,0.524,144046,0.551,0.0,6,0.101,-8.188,0,0.206,80.099,4,0.373,36,56.5,2018,0
1xsP6AITcWNigBYBYVnVZw,0.025,0.869,173489,0.607,0.0,6,0.0906,-6.192,0,0.333,160.011,4,0.531,72,84.0,2019,0
1B3dR1ZQY3yWHtXxpWfBQ0,0.0629,0.854,164440,0.459,0.0,2,0.325,-11.867,1,0.591,165.028,4,0.836,0,17.0,2019,0
4sJqSKPc5fZ5OZ8JiVI44N,0.234,0.604,221440,0.661,0.0,0,0.0951,-5.914,1,0.0375,107.016,4,0.506,68,87.0,2017,0
0fRoR9N6U2LV3OUMrlEOcQ,0.0277,0.696,204148,0.669,1.92E-06,8,0.103,-8.974,0,0.101,150.028,4,0.243,0,17.0,2019,0
2VQc9orzwE6a5qFfy54P6e,0.723,0.714,221939,0.343,5.48E-06,10,0.102,-7.641,1,0.38,72.348,4,0.372,63,73.0,2016,0
6qWSHYcZEvE0MIcH2WmB23,0.415,0.774,150093,0.669,0.0,7,0.105,-7.397,0,0.221,89.954,4,0.528,54,88.0,2019,0
2bkKnaLTMCghmjlcPBoYWd,0.00907,0.833,161557,0.203,5.91E-06,10,0.124,-12.456,0,0.211,100.023,4,0.04,72,78.0,2018,0
2TWM0KT08DNxnt13mvfJGL,0.0239,0.727,150603,0.713,0.0,0,0.124,-5.181,0,0.295,149.913,4,0.684,0,17.0,2019,0
0mnVrUP1TAoO223C0N2NYI,0.14,0.881,184781,0.742,2.49E-06,0,0.156,-3.736,1,0.0535,116.997,4,0.432,67,85.0,2019,0
4iCbphwgU2oXcOUp16y4BB,0.0844,0.768,203243,0.745,0.0,11,0.155,-2.12,0,0.396,155.967,4,0.695,41,60.5,2018,0
4CVnmHGwDgZFXeWzYq6TfC,0.395,0.892,184615,0.401,1.51E-06,1,0.0954,-10.962,1,0.116,130.086,4,0.288,44,61.5,2019,0
0vkzRCT7wzqWCFJw5TN1MQ,0.00391,0.871,178720,0.751,0.0,6,0.0853,-8.042,0,0.0788,139.984,4,0.787,64,69.5,2018,0
13L1jmOBCDYY45RWqrwVPt,0.0472,0.731,187999,0.819,2.28E-06,8,0.227,-5.953,1,0.0791,104.968,4,0.793,40,77.0,2017,0
6xKXkSSJqv6ttwL8bj3Dm2,0.229,0.506,131594,0.677,0.000183,3,0.0897,-5.73,1,0.0494,175.655,4,0.327,47,61.0,2018,0
37uqBNIiYgCuSF0ppMWzVx,0.918,0.691,244506,0.49,0.376,11,0.0751,-12.883,0,0.275,107.965,4,0.0385,54,52.0,2016,0
2K42Wx45XMrRpZULKogNtE,0.00145,0.61,184893,0.919,3.23E-05,7,0.192,-4.707,1,0.0469,111.998,4,0.495,10,67.0,2019,0
3K6U7TamNyVSWcFH8pCQHX,0.0315,0.724,180560,0.45,1.36E-05,4,0.111,-5.763,0,0.0496,140.981,4,0.464,72,90.5,2018,0
3wFnBRnYgpdoBQyXl3NxoH,0.201,0.759,136760,0.733,0.0,10,0.13,-7.015,0,0.165,144.96,4,0.411,58,79.0,2018,0
7lTm1mc8S5Nu4xH4CjhZYp,0.00636,0.5,201174,0.993,1.12E-05,2,0.05,-3.59,1,0.233,117.835,4,0.154,39,64.0,2018,0
6ymhLMzUUvjCjreTqVHzsV,0.0319,0.804,169344,0.66,0.0,10,0.103,-4.86,0,0.0726,94.053,4,0.257,49,86.0,2017,0
5yK37zazHUe3WxEvymZs20,0.309,0.732,234614,0.464,0.0,7,0.107,-8.591,0,0.301,82.494,4,0.353,71,82.5,2019,0
2UbuXuTdSC0oR0upCbiLx2,0.0316,0.812,182440,0.816,3.63E-05,2,0.153,-4.478,1,0.0448,110.965,4,0.88,67,79.0,2019,0
4T2dHb8XBYHlVj7Dyo1cW9,0.0606,0.939,157645,0.632,0.00136,1,0.101,-2.978,1,0.137,133.979,4,0.364,67,84.0,2019,0
7yIxGTsByzEpbxmZtyP6rO,0.0143,0.821,119146,0.567,0.0,7,0.144,-5.467,1,0.166,129.976,4,0.0985,50,72.33333333333330,2017,0
7HPUVxJdwGMujRmstBlvp7,0.000462,0.913,201746,0.57,0.0,7,0.063,-7.886,1,0.248,136.079,4,0.607,61,79.5,2019,0
2suZdfiaD2QvFVFvT4Milm,0.0312,0.661,185156,0.387,0.0,9,0.361,-10.394,1,0.0493,80.034,4,0.553,0,6.666666666666670,2019,0
1MGWgLxUXDodD8Tw8TFppN,0.00252,0.848,201893,0.455,0.0,1,0.112,-9.568,1,0.0746,163.004,4,0.66,66,93.0,2019,0
1wa6QQsdSE3X2GbRljGpFk,0.373,0.715,183703,0.574,0.0,7,0.174,-6.236,1,0.0817,157.0,4,0.337,76,97.0,2018,0
7tk5tOCj84jine8kKJkPYs,0.151,0.823,195413,0.564,0.0,1,0.122,-6.617,1,0.116,131.988,4,0.348,59,93.0,2016,0
2diAlJqrMMX7Sv9FlzcUMc,0.00149,0.531,204265,0.91,0.0,4,0.323,-3.407,1,0.043,115.014,4,0.515,48,58.0,2018,0
7a9QBLlQOunA6KvPcVDIMt,0.057,0.835,270280,0.584,0.0,4,0.355,-9.02,0,0.0655,119.987,4,0.171,48,83.0,2016,0
0UILvu6dBtLAlkUAIzHmmd,0.25,0.748,273120,0.569,0.0,6,0.167,-8.917,0,0.205,141.006,4,0.412,9,60.666666666666700,2017,0
77JzXZonNumWsuXKy9vr3U,0.292,0.86,152829,0.418,0.0,7,0.106,-9.061,0,0.158,126.023,4,0.374,63,91.0,2018,0
7wmYgsLNRB9EpqpvR3hkvN,0.0489,0.332,214106,0.731,0.00347,0,0.178,-4.565,1,0.0446,90.028,4,0.636,55,69.0,2018,0
4XiGKQqbmnMVxDzUj6j3f2,0.468,0.764,189253,0.528,0.0,5,0.0811,-4.082,0,0.0588,123.936,5,0.422,78,75.0,2019,0
6iF5JgF1GNUQwlnsgnMzUu,0.565,0.895,193019,0.698,0.0,1,0.305,-6.575,1,0.207,99.998,4,0.325,62,78.0,2017,0
4LH1gsNA3wUS6QKkGZoJN8,0.00245,0.914,153863,0.655,0.0,6,0.0817,-5.333,0,0.294,143.975,4,0.705,73,94.0,2019,0
30sc425JEvj3tgmGAKORea,0.174,0.772,126043,0.605,0.0,0,0.329,-4.223,0,0.0579,128.162,4,0.425,67,86.0,2017,0
4GkkxswcdEt1tkSyiRzgnC,0.000668,0.804,225134,0.456,0.0,8,0.31,-7.44,1,0.0468,130.014,4,0.165,58,90.0,2017,0
65UviDN6FAHQffsgeWHPxL,0.706,0.688,125490,0.458,1.85E-06,4,0.104,-7.729,1,0.043,76.487,4,0.53,39,49.0,2018,0
7ms3VzLTfr7fXNOqA4Mkx9,0.0108,0.729,179830,0.687,0.0,8,0.162,-8.06,0,0.25,160.085,4,0.683,75,84.0,2018,0
0rhxoXFMKRtm1dQJfi72Yh,0.505,0.76,221419,0.568,0.0,9,0.107,-3.92,1,0.0558,77.482,4,0.414,72,88.0,2019,0
0INehbMZOFPnaPBAjK97i3,0.000616,0.523,244193,0.678,0.0,8,0.142,-6.071,1,0.0692,159.909,4,0.277,76,97.0,2018,0
3YeJXuRSNS5FYwOsDu44kD,0.167,0.28,256162,0.821,0.0,8,0.139,-2.864,0,0.111,181.444,3,0.254,72,95.0,2017,0
3xKsf9qdS1CyvXSMEid6g8,0.67,0.544,184516,0.552,4.57E-05,9,0.415,-7.45,1,0.0991,159.738,3,0.554,79,88.0,2016,0
369g3Kv6MXsl0wn7PNtWvO,0.0415,0.777,202600,0.573,0.0,9,0.365,-8.848,0,0.191,143.017,4,0.387,65,88.0,2019,0
4R4Te0DhKeGbc3NlTwwCCo,0.0582,0.6,122332,0.574,0.0,11,0.18,-9.187,0,0.209,156.926,4,0.577,34,41.0,2019,0
0JS9sWdEGk729ILCGCsDyM,0.169,0.814,174775,0.648,9.69E-06,3,0.0713,-6.773,1,0.142,155.04,4,0.452,51,53.0,2018,0
6L8MHp94PFckbkfZm2foUJ,0.0656,0.406,165870,0.793,0.0,0,0.346,-4.389,0,0.425,78.264,4,0.363,52,81.0,2019,0
1Gno5IBUHh6vUKp4nxu2Yd,0.55,0.762,157862,0.553,0.0,5,0.115,-7.207,0,0.112,119.973,4,0.773,71,91.0,2018,0
1R69FDYYnNvNOdigumPi7N,0.523,0.758,275213,0.65,0.0,7,0.192,-7.327,0,0.0438,122.147,4,0.46,51,50.0,2016,0
3dhjNA0jGA8vHBQ1VdD6vV,0.426,0.773,269186,0.819,0.0,0,0.0679,-5.946,0,0.118,92.99,4,0.585,81,89.5,2016,0
32OkBQinMWqa7ZydEkHqVi,0.113,0.886,138996,0.542,0.0,1,0.151,-5.424,1,0.338,83.519,4,0.314,68,66.66666666666670,2018,0
4HkGNpmUpCCH4oAb4TqWEa,0.0643,0.84,106160,0.509,0.285,1,0.386,-9.888,1,0.262,149.976,4,0.507,0,17.0,2019,0
5YAP8zpqj1eIX88makBjDe,0.166,0.613,223542,0.6,0.0,8,0.117,-7.097,1,0.154,147.059,4,0.532,77,85.33333333333330,2018,0
3V3JxDpiUg0RAt1Mfbn6Ht,0.244,0.717,233684,0.617,0.0,9,0.148,-7.385,0,0.343,152.049,4,0.654,68,84.0,2018,0
59e7E2LMPZ2bhW5G6aCwX8,0.32,0.755,188853,0.629,0.0,0,0.126,-8.284,1,0.312,143.083,4,0.591,57,71.0,2016,0
2IY7eOUDjw2ArKYxKa2jXc,0.169,0.682,230466,0.592,5.49E-06,7,0.136,-7.033,1,0.281,186.041,4,0.5,9,89.5,2016,0
41QlQgutJX7oQAcnM5Zv2t,0.138,0.785,155749,0.699,0.0,7,0.338,-8.376,1,0.279,134.931,4,0.576,22,63.0,2018,0
5N521RK66Z1FP0Oz6B4OlT,0.606,0.852,213573,0.632,0.0,11,0.142,-8.08,0,0.431,140.489,4,0.716,63,84.0,2018,0
4SXZRbnd5oBMRjvwLr0FkZ,0.306,0.37,175211,0.786,0.0,0,0.243,-6.749,1,0.134,65.568,3,0.756,57,82.0,2016,0
3zzf7EXJdQ6igozFIefQkX,0.179,0.86,233293,0.625,0.000136,2,0.3,-6.922,1,0.105,120.994,4,0.221,64,81.5,2016,0
4mFPvh4KQcnHK3wT5NoLwu,0.0829,0.326,191151,0.534,0.901,1,0.111,-11.564,1,0.0629,139.943,4,0.109,47,64.0,2017,0
7EHAXZenBzmGCpccWCyg8z,0.25,0.822,227373,0.861,7E-05,11,0.164,-8.846,1,0.0832,123.964,4,0.548,63,79.0,2018,0
5UmRDaMPkV6g2HVMWoKx8u,0.00938,0.899,179466,0.488,0.0,2,0.359,-7.404,0,0.392,150.04,4,0.542,66,90.0,2019,0
7L9pojllA5hnRCr1AuL8h0,0.0124,0.605,165835,0.789,1.64E-05,8,0.266,-6.975,1,0.0413,80.987,4,0.61,0,17.0,2019,0
1dhO5lyN2Otv4qR0xWQXH7,0.000732,0.781,147346,0.617,0.0467,0,0.158,-7.82,1,0.252,139.973,4,0.506,66,73.0,2018,0
2W5f0B44PC1b5OUdK5VqXw,0.0957,0.9,182426,0.592,0.0,1,0.0788,-7.221,1,0.482,121.082,4,0.873,70,84.5,2019,0
5fpy5WJJ6EJUoNZI26AHvg,0.172,0.705,189264,0.433,0.0,8,0.124,-9.495,1,0.0851,131.974,4,0.191,44,74.0,2017,0
4IOmpWHND1FVjT7EFeZhLp,0.0263,0.675,185886,0.63,0.0,4,0.284,-8.052,1,0.072,77.492,4,0.223,66,75.0,2019,0
4bdEXTweGw1O4IEMbnn5Tv,0.0493,0.761,207502,0.735,2.2E-05,6,0.54,-5.118,0,0.194,160.046,4,0.579,57,76.33333333333330,2017,0
1DyErR1XiKOI0K9VYHGekf,0.581,0.885,74344,0.408,1.23E-05,8,0.117,-12.923,1,0.116,129.894,4,0.263,59,83.0,2019,0
792MY19uNkA4SJBqdw5a84,0.307,0.774,193618,0.716,0.0,8,0.0973,-4.936,0,0.0438,150.037,4,0.579,66,88.0,2018,0
55L35RJDZHEd5kIqz0Umkv,0.926,0.801,240048,0.153,0.0,9,0.109,-8.492,1,0.0428,130.18,4,0.429,71,76.0,2019,0
1KAhsLqLYiqCZ1G8ljKDtB,0.101,0.805,312533,0.759,0.354,10,0.183,-5.198,0,0.0438,120.057,4,0.721,54,83.0,2018,0
7oBW80497A8axagr4aC9U6,0.0683,0.506,182386,0.45,0.000225,2,0.103,-12.565,1,0.364,177.978,4,0.131,76,81.0,2019,0
3cCxoOgfi6hgt8MNteuiiD,0.118,0.752,193747,0.765,0.0,9,0.31,-5.805,0,0.0908,105.998,4,0.309,70,95.0,2016,0
5AgTL2WmiCvoObA8fpncKs,0.216,0.665,228200,0.779,0.0,2,0.107,-5.153,1,0.113,88.863,4,0.839,60,89.0,2017,0
3naMieRVMmNg3sCRDLbtlZ,0.189,0.512,304427,0.543,0.000649,7,0.323,-6.857,1,0.0343,114.965,4,0.236,53,63.0,2018,0
0f2uHiRUJoiUIPVzcpPosh,0.00139,0.744,204496,0.821,6.11E-05,11,0.112,-4.549,0,0.0367,106.975,4,0.674,40,61.0,2016,0
1q9jq5X5vwmewjOa2mHtQ1,0.183,0.852,180934,0.568,0.0,1,0.0993,-9.202,0,0.344,81.526,4,0.504,72,88.0,2019,0
7d3xRoP8INdzxIKnqW9WM3,0.963,0.555,149787,0.476,0.0253,4,0.3,-10.744,1,0.0682,140.998,4,0.58,31,49.0,2018,0
6h9No609BQsRlwVxSkHycT,0.285,0.821,144878,0.624,0.0,10,0.355,-9.494,1,0.532,163.919,4,0.771,48,51.4,2019,0
0wSGHGxBr7X5xozun4hokQ,0.348,0.416,240158,0.495,0.834,5,0.32,-11.331,0,0.0354,134.923,3,0.305,22,49.0,2018,0
4YJmZfvlheSziXem8HBWrj,0.0267,0.833,189853,0.431,0.0,0,0.633,-9.604,1,0.194,133.938,3,0.224,61,98.0,2016,0
5Bge1Dsqjc14hhGguYML5w,0.0583,0.545,220706,0.907,0.0,7,0.102,-5.852,1,0.0416,114.523,4,0.44,70,68.0,2017,0
7n7x5KGKbUdPHRsO6M6mWY,0.102,0.76,179644,0.588,0.0,8,0.0796,-6.305,0,0.388,140.053,4,0.676,65,68.0,2019,0
4KWVR93JzJuVZtigaiZSxj,0.561,0.763,362791,0.588,0.00218,2,0.117,-8.175,0,0.0492,123.922,4,0.353,48,48.5,2017,0
7GLvGlqdg2ocugG4G5ih4I,0.694,0.572,219773,0.64,1.74E-05,7,0.21,-5.62,1,0.029,111.944,4,0.376,52,75.0,2017,0
14RRHdmfjGPhuWBhkl4Ne4,0.0133,0.755,163655,0.69,0.0,1,0.078,-4.823,1,0.161,175.928,4,0.336,60,91.0,2016,0
0oP9pK1D1lNF3Lb7jkl6Xx,0.00593,0.608,187761,0.841,0.0573,0,0.121,-3.798,1,0.0464,167.969,4,0.274,10,92.0,2017,0
7FeDTQDPmRSftPQhOn43M8,0.53,0.47,263201,0.304,1.71E-05,11,0.0828,-9.271,0,0.0344,128.04,4,0.339,1,59.0,2017,0
1iSqfoUFnQwV0QW1EfUit8,0.334,0.736,222997,0.369,0.0,9,0.126,-9.682,0,0.0688,140.005,4,0.235,81,88.0,2019,0
2bSk87AVkCIIC3Bcligq1z,0.0021,0.716,247054,0.541,0.0,1,0.115,-7.909,1,0.149,139.978,4,0.387,75,91.33333333333330,2018,0
0WnV4YotgHecDIzfihlcjn,0.484,0.828,193575,0.37,0.0,7,0.119,-7.441,0,0.26,149.964,4,0.549,59,87.0,2018,0
5V5MUoJUc1NINhZrmk063n,0.365,0.78,203702,0.428,2.24E-06,6,0.0789,-7.069,0,0.39,70.749,4,0.549,60,78.0,2019,0
1nUyxJEyw87nDhPFXAtSfU,0.241,0.83,161454,0.46,0.0,4,0.134,-8.265,1,0.181,109.898,4,0.145,43,76.0,2018,0
7wCmxE4Upfnx6OUsExJyol,0.0556,0.831,209266,0.383,4.26E-06,6,0.105,-12.244,0,0.379,127.064,4,0.062,0,17.0,2019,0
7xwRaJ1lRL0vdrCFIbrvoU,0.166,0.809,146160,0.326,0.0,10,0.189,-12.803,1,0.475,154.212,4,0.497,42,62.0,2019,0
6zxOdvQ3YDPezZMqmTeEMK,0.0255,0.715,240847,0.677,2.02E-06,8,0.0753,-5.92,1,0.109,145.031,4,0.482,56,88.0,2018,0
3thLnNvO9IctWoccbsZyJV,0.098,0.456,151013,0.516,0.0,8,0.115,-10.512,1,0.459,77.058,4,0.684,64,86.0,2018,0
5qXsPn4CuVwgoVz4Am6xFs,0.0584,0.646,136296,0.505,0.0,10,0.135,-8.593,0,0.296,161.087,4,0.205,40,58.0,2018,0
3slDketSDZEyiqWPg9ASAA,0.287,0.716,168119,0.648,0.0,1,0.158,-6.38,1,0.102,75.939,4,0.568,27,49.0,2019,0
5pHJv0bgNsT9nPoK2BjNBn,0.0177,0.943,219453,0.763,1.76E-05,5,0.114,-5.568,0,0.133,139.969,4,0.229,68,88.0,2018,0
1v57yGsKDVZVJy55oOH4VX,0.799,0.844,163578,0.224,0.0,7,0.0682,-16.381,0,0.325,129.958,4,0.455,0,17.0,2019,0
5m9Oa79lqWTRxTmHjbxOX3,0.326,0.401,168280,0.287,9.07E-06,1,0.261,-8.236,0,0.0264,86.649,4,0.168,58,79.0,2019,0
1tSCOvzzG7ofINeuNGhOdE,0.149,0.717,225245,0.79,0.000184,5,0.135,-7.16,0,0.0429,159.96,4,0.569,0,28.0,2018,0
04VO6VICgMJgTe2dLxFBoW,0.0224,0.683,186209,0.779,0.0,2,0.368,-6.512,1,0.0609,138.018,4,0.198,61,82.5,2019,0
02CQH5capUYovYSiSiwKgX,0.358,0.842,207222,0.605,0.0,1,0.0843,-6.293,0,0.0559,130.027,4,0.591,61,67.33333333333330,2018,0
4vTAKiVdz7iSVJcKPjvAk4,0.354,0.45,400666,0.473,0.00295,11,0.0843,-8.997,0,0.0476,133.926,4,0.17,57,79.0,2019,0
2Jv5zlZ7iCZP7K1j26izha,0.773,0.672,257815,0.598,1.66E-06,10,0.355,-8.268,1,0.319,84.017,4,0.466,59,77.5,2019,0
17iNEPxC3NZlyizRrb9YfY,0.372,0.848,117500,0.696,0.00762,8,0.0772,-4.175,0,0.0471,133.976,4,0.739,32,38.0,2018,0
5uQOauh47VFt3B2kV9kRXw,0.244,0.812,128156,0.621,0.0,5,0.099,-8.3,1,0.0515,77.998,4,0.847,73,91.0,2016,0
4sNG6zQBmtq7M8aeeKJRMQ,0.0941,0.687,252306,0.617,1.32E-05,4,0.0898,-5.213,1,0.0287,121.08,4,0.665,70,68.0,2017,0
0sSl9LFCzQAunHx9T1Un3O,0.06,0.696,204329,0.52,0.0,0,0.118,-6.361,1,0.294,165.105,4,0.359,61,71.0,2018,0
4y5tKWeAUcaFE6O8Fa8XsY,0.097,0.646,185316,0.503,0.0,11,0.13,-7.218,1,0.0402,158.027,4,0.509,65,76.5,2018,0
6AXwfJKOuBSxZmaNhvmofF,0.655,0.78,219480,0.654,0.0,5,0.128,-7.104,0,0.154,140.058,4,0.528,41,57.0,2018,0
0h99zA3r6YdWADT2x9cwTr,0.449,0.734,199500,0.462,0.0,1,0.0882,-8.057,0,0.133,99.991,4,0.462,23,32.5,2016,0
3rZhRBdVQ2fTEM2ULOAwUL,0.236,0.886,225205,0.525,0.0,8,0.057,-7.39,1,0.132,145.99,4,0.708,65,77.5,2016,0
627o79uZ8kVcjE8GMP7raB,0.0907,0.632,109191,0.459,4.49E-06,11,0.345,-10.983,0,0.168,144.88,4,0.573,0,43.0,2019,0
4qKOtmMCiyYhCsFwFIH5oT,0.0952,0.753,243200,0.663,3.45E-06,11,0.274,-5.803,0,0.0654,149.92,4,0.328,55,70.0,2018,0
7B0Ws6HzpNf62iB7S3yNeC,0.0122,0.79,207640,0.674,0.000444,1,0.113,-9.943,1,0.0566,101.996,4,0.199,52,71.0,2016,0
2oaK4JLVnmRGIO9ytBE1bt,0.0722,0.7,302000,0.742,0.0199,5,0.11,-6.777,0,0.0716,91.959,4,0.197,75,87.0,2016,0
3NEjuId3qYDT482ykUBbeI,0.00375,0.698,201079,0.715,0.0,11,0.0887,-5.17,1,0.0841,153.981,4,0.679,60,80.0,2019,0
0QaPDP0caifIAFegZb4aqd,0.334,0.638,250640,0.567,1.06E-06,4,0.303,-6.999,0,0.0273,110.029,4,0.596,67,88.0,2019,0
77GoToROOVIQZidN1naoOF,0.0987,0.755,198147,0.535,1.09E-06,6,0.165,-7.967,0,0.387,77.562,4,0.222,63,78.0,2019,0
3LBBQH0CWnrG3kSvSmzArK,0.0681,0.736,218673,0.491,0.0,10,0.571,-6.892,0,0.439,141.979,4,0.203,3,98.0,2017,0
2HIAaSwG4TIXiQr4alxXYk,0.0303,0.856,145426,0.526,0.0,1,0.103,-6.51,1,0.374,99.958,4,0.112,61,67.66666666666670,2018,0
3FUP0gYxsivCHzWzu8uUGw,0.218,0.732,207560,0.632,0.0,2,0.312,-5.46,1,0.231,81.506,4,0.337,59,73.66666666666670,2017,0
2h4cWxMhSkYc1YtutrtqpF,0.511,0.825,141664,0.287,0.00122,1,0.115,-11.831,1,0.114,122.014,4,0.15,0,17.0,2019,0
1SODaP03ky9GSWRHnI9VcI,0.766,0.469,222031,0.278,0.0,2,0.13,-11.274,1,0.0262,90.03,4,0.197,54,79.0,2019,0
74LujaXmzGQi5wRZ2HFh0G,0.166,0.579,294800,0.8,0.0,6,0.963,-3.152,1,0.367,145.53,4,0.604,60,66.0,2019,0
3sA7HKGzcKTVscdiTCrWpX,0.139,0.851,129105,0.666,0.0,11,0.105,-5.334,0,0.0694,134.068,4,0.0585,74,91.0,2018,0
28WJeIRWDw9t7LGwh7FOlK,0.128,0.587,177091,0.629,0.0,4,0.135,-7.295,1,0.0727,170.021,4,0.287,44,64.0,2018,0
5j1yOqWONR9T6l43AzJ6Es,0.095,0.757,185806,0.673,0.0,1,0.338,-8.513,1,0.141,92.958,3,0.574,82,89.5,2019,0
3nVDOYBJpdCkRR6r1DbZum,0.0261,0.852,229800,0.498,0.0,11,0.0421,-7.983,0,0.246,135.99,4,0.934,59,83.0,2017,0
4wzidqkKngcrMqXzk6x7Qu,0.968,0.299,384438,0.263,0.857,9,0.126,-13.207,0,0.0323,137.848,3,0.113,42,82.0,2016,0
5c5kkAZq4H50Yd4cdlgcxg,0.413,0.411,248960,0.752,0.319,1,0.251,-7.711,1,0.0425,159.95,4,0.233,9,50.0,2016,0
0pMfPzdRiPAoSM9yWF4OcT,0.0952,0.611,198453,0.555,0.0,6,0.11,-6.372,0,0.0274,88.969,4,0.413,72,81.0,2018,0
55LoJPj0ka2uHmlokh0ISG,0.359,0.86,158000,0.432,0.0,0,0.355,-9.352,1,0.271,118.036,4,0.736,39,46.0,2019,0
3r8zXbAJfqt2NU8tdWWUtH,0.142,0.761,267135,0.656,0.0,0,0.104,-7.735,0,0.0364,114.988,4,0.53,51,88.0,2018,0
0aFFcpD0ecGbE0RzllC6qK,0.0963,0.631,176443,0.709,0.0,2,0.376,-4.666,1,0.0505,84.504,4,0.2,3,97.0,2018,0
6Zm6fxOVPzyArjrNPx9LRe,0.0261,0.855,228306,0.516,2.74E-05,0,0.302,-6.972,1,0.0524,135.97,4,0.283,59,92.5,2017,0
3hYKgk38xGR6pGjgTkFN99,0.148,0.637,330000,0.639,0.0,0,0.115,-5.834,1,0.179,75.489,4,0.345,49,86.0,2019,0
1h6OiyF7bf4jifbw1s7mVD,0.0773,0.639,73846,0.812,0.0,8,0.115,-4.113,1,0.0569,182.016,4,0.5,63,75.0,2019,0
7r62wx5N1cOQxYr6b0p2Bi,0.0214,0.827,181057,0.768,0.0,0,0.193,-4.587,1,0.207,92.994,4,0.496,58,85.66666666666670,2019,0
5CMUThHlepHR8c1xD0QYzs,0.223,0.637,138469,0.616,0.0,1,0.181,-6.493,0,0.0459,78.126,4,0.414,32,88.5,2019,0
4uu7gKd1PffC7QEMcMk0Ro,0.072,0.76,168653,0.615,0.0,5,0.0571,-9.36,0,0.33,148.014,4,0.351,77,86.0,2019,0
7gHynBRvTazOU3n5xybAD0,0.0391,0.627,137273,0.497,0.0,1,0.182,-14.725,1,0.449,139.963,4,0.37,8,24.0,2019,0
7vYPWVc85PEmPjqcrNGmRJ,0.0425,0.809,136146,0.585,0.0,11,0.108,-6.935,0,0.321,138.026,4,0.367,49,85.66666666666670,2018,0
3LuLUNgRmmgcr14dTIWH2S,0.0525,0.856,243840,0.863,0.0,10,0.384,-4.318,0,0.057,124.998,4,0.673,52,61.0,2016,0
0uH6JssU7mWkTT9mqeqEvL,0.156,0.774,220888,0.623,0.0,5,0.0955,-7.871,1,0.245,128.661,5,0.393,73,92.0,2018,0
0VYhxVxH9ijmdHUKsON9Bk,0.281,0.747,191033,0.553,0.0,1,0.117,-7.294,1,0.117,141.888,4,0.262,63,90.0,2016,0
1ZQwftFvuyrHrl41HA9dOC,0.235,0.441,211573,0.782,0.0055,3,0.195,-4.255,1,0.0478,95.13,4,0.43,59,75.0,2017,0
1jzIJcHCXneHw7ojC6LXiF,0.308,0.538,182493,0.612,0.0,2,0.213,-6.02,1,0.424,168.197,4,0.684,75,87.0,2018,0
1tKvqOrnJ0zhAuFS6yfNTk,0.589,0.578,301395,0.523,5.23E-05,11,0.378,-8.522,0,0.213,172.067,5,0.476,60,88.5,2018,0
0aspl4dsIUQXM8bPL2pZ0o,0.0399,0.698,135685,0.54,0.0102,11,0.144,-7.601,1,0.0651,156.082,4,0.0831,21,51.0,2018,0
4F6yN5FsFW10Ucx7cLCzBh,0.277,0.793,213287,0.395,1.4E-05,1,0.109,-5.578,1,0.385,77.027,4,0.129,66,92.0,2018,0
2jpuZhu8jzXR2VRHrSeOJY,0.306,0.636,311016,0.656,4.43E-05,7,0.123,-5.462,1,0.0948,142.075,4,0.222,7,67.0,2017,0
375PG35fYzLTG6jkrJbegL,0.394,0.644,181746,0.502,0.0,10,0.142,-9.57,1,0.42,113.93,5,0.431,68,86.0,2019,0
3ErERvCgbRm3KCEc58w5za,0.476,0.25,259360,0.917,0.0,2,0.274,-2.938,0,0.288,174.397,4,0.417,48,76.0,2019,0
4iO6aCCNBAN2TGTD5JYIiq,0.00908,0.864,124032,0.729,0.0,2,0.105,-4.621,1,0.275,101.991,4,0.285,68,73.5,2019,0
3ntcm3V9ByPKN6cstxXh80,0.0173,0.74,181714,0.592,0.0,1,0.276,-5.003,0,0.0879,140.093,4,0.379,49,87.0,2018,0
63U0seGAXrrx4BldKsEugM,0.0375,0.874,191085,0.665,0.0,11,0.328,-8.725,0,0.305,135.059,4,0.586,49,74.0,2017,0
1MNdfH2KC5LdEde3JPJ513,0.0855,0.776,218200,0.537,0.0,1,0.103,-7.604,0,0.197,153.06,4,0.238,63,90.0,2016,0
3e5wnsqhAkzlzk9SzdhOzR,0.0033,0.749,200132,0.819,0.0,9,0.0933,-3.678,1,0.0599,121.995,4,0.38,54,52.0,2016,0
0PMOrAjdHZxeV9N7udlNYp,0.0384,0.528,158040,0.536,0.0,5,0.116,-10.07,1,0.0468,66.987,4,0.28,0,40.0,2019,0
1WDb1tgyJCskkDhqOEoOaN,0.00516,0.268,219048,0.845,0.000171,7,0.188,-5.715,1,0.0632,170.191,4,0.498,20,19.0,2018,0
3wLtYwtqvKK2ewelSVPeDK,0.218,0.688,157656,0.656,0.0,4,0.115,-5.541,0,0.276,160.414,4,0.365,77,88.0,2018,0
2yY0LXGpN7U2y5tbagNnXq,0.0533,0.486,228521,0.995,0.000298,11,0.674,-3.611,1,0.0636,117.26,4,0.142,47,64.0,2018,0
2YP9BF2Y9NUMJqgmx50FLH,0.0154,0.484,151794,0.829,0.000759,4,0.548,-5.434,0,0.0996,116.996,4,0.388,48,46.0,2017,0
333OkWOgbV6C8I5wRLfuSx,0.18,0.772,281181,0.728,0.0,7,0.0977,-6.438,1,0.274,102.005,4,0.67,61,70.0,2019,0
7q9si83DQmdTuT7zfuus7f,3.78E-06,0.429,196080,0.917,0.000874,11,0.106,-2.438,1,0.0383,97.963,4,0.261,44,63.0,2016,0
2fHImDDqyEb306jcAQzN55,0.442,0.637,89051,0.672,0.0,5,0.224,-7.67,0,0.0655,76.029,4,0.676,0,43.0,2018,0
1ANYHWUz5NqPu2EBALGK9Z,0.43,0.692,212760,0.733,2.35E-06,2,0.351,-6.012,1,0.0313,109.989,4,0.419,53,90.0,2016,0
0wSeTpuEBS5uloIJ9tGhFi,0.0735,0.87,162893,0.702,0.0,11,0.12,-4.728,1,0.259,155.061,4,0.597,53,72.0,2017,0
0cxE6hu6Tgoqb9JODL6dlT,0.0811,0.725,216946,0.463,0.0,4,0.175,-8.572,0,0.194,143.987,5,0.538,0,10.0,2019,0
2HsSzwrvvgiYSCdsYLiJWB,0.237,0.779,332195,0.705,0.0,8,0.0899,-6.383,0,0.051,122.996,4,0.451,75,85.66666666666670,2019,0
40wyhIkaVvuZUAbAiTOkHI,0.00206,0.788,176920,0.591,1.95E-05,1,0.116,-4.838,1,0.133,152.071,4,0.247,54,89.0,2019,0
4uoMUtCZqzBMpxocrI3EI7,0.0721,0.84,183132,0.567,0.0,1,0.0727,-8.285,0,0.179,109.942,4,0.21,55,88.0,2018,0
2Y43TDqgnRgVZA7RxtxEV1,0.293,0.896,193775,0.615,0.0,6,0.122,-9.326,0,0.326,140.04,4,0.89,61,66.33333333333330,2018,0
6QMlELXFU07NLdqv3DGNPI,0.147,0.891,217866,0.321,1.89E-05,1,0.117,-12.813,1,0.426,136.005,4,0.331,56,89.0,2017,0
58neYWG7UyoQI0IC8lhfP5,0.000596,0.576,117013,0.625,0.0,0,0.119,-7.467,0,0.237,178.017,4,0.219,51,88.0,2019,0
5QJuMhGWTUB4t9BqR7ndL3,0.00146,0.492,221360,0.666,1.29E-06,2,0.104,-6.42,1,0.0317,125.042,4,0.26,64,68.0,2017,0
0Bxszml9s5yBgFOacz4tu3,0.0566,0.727,160365,0.805,0.0,1,0.812,-4.183,1,0.298,91.524,4,0.742,17,44.0,2017,0
2HY46dL1RWpZcN3ujWSONW,0.357,0.771,188708,0.716,1.67E-05,6,0.103,-4.345,1,0.267,147.031,4,0.746,25,29.0,2018,0
0RyA3o15NOLJYtm9NlDu5c,0.181,0.635,218946,0.777,0.0,1,0.357,-6.018,1,0.231,128.09,4,0.177,63,82.0,2017,0
3TvnVynctZJjAaZjNyIVpS,0.163,0.843,166855,0.548,0.0,8,0.112,-6.667,1,0.362,143.069,4,0.247,63,80.0,2018,0
6Jpn2yGEzr2TLnGUVUotgZ,0.0335,0.756,169456,0.384,1.63E-05,6,0.324,-12.871,0,0.225,169.953,4,0.557,0,43.0,2017,0
0q5DrtpnnGpOvBy5nnPMbe,0.261,0.569,184000,0.761,6.71E-06,5,0.0748,-6.071,0,0.475,180.122,4,0.325,64,76.0,2016,0
3TWSar7EBNWZVeEWqDSjpw,0.0508,0.935,198173,0.505,0.0,1,0.0841,-7.155,0,0.0931,128.044,4,0.183,62,79.5,2019,0
06LFFPPS7MylCZXps3cO4m,0.0558,0.758,214245,0.932,0.0,3,0.097,-2.809,1,0.0372,125.993,4,0.592,73,97.0,2019,0
4MofYf0f4ijlVV6elUW5S3,0.0447,0.78,180705,0.784,0.0,1,0.122,-5.039,1,0.186,85.023,4,0.43,64,91.0,2017,0
22ykS8KWpd2r4zcRZ0XMK5,0.191,0.675,211920,0.23,0.0,1,0.104,-10.363,0,0.204,173.962,4,0.101,72,90.0,2018,0
6j3oPu8hY1F5vUorhdztCQ,0.181,0.623,150843,0.551,0.0,9,0.161,-7.761,1,0.136,140.058,4,0.198,50,64.0,2017,0
4cg1yakyRSIOjxKM2I7J1q,0.0325,0.769,176386,0.632,0.0,10,0.116,-4.228,0,0.0537,131.932,4,0.294,69,93.0,2016,0
4e5J0T8B1gZtI1UlVlZCoW,0.000538,0.496,232241,0.886,0.92,7,0.116,-7.681,1,0.0333,139.99,4,0.917,12,31.0,2019,0
13LRpDmtzHCmWK4cL9iJ8N,0.0153,0.902,191974,0.472,0.0,1,0.0539,-6.802,1,0.469,140.046,4,0.65,71,74.5,2019,0
0tSULdKF0dS60w1WPL93Oh,0.544,0.515,209273,0.479,0.00598,3,0.191,-7.458,1,0.0261,88.964,4,0.284,0,85.0,2018,0
3DV3fcJ1Cgc5lVAdvw73Kx,0.149,0.857,159453,0.666,2.79E-06,7,0.111,-5.951,1,0.074,139.966,4,0.623,62,73.5,2019,0
4UmkrI5ACpxdWU97BjBVtn,0.0063,0.493,230125,0.838,0.00661,9,0.34,-5.703,1,0.0467,129.56,4,0.366,23,19.0,2018,0
0WQcnrsEqrY2e5nexGe3HX,0.0889,0.9,236226,0.532,0.0,0,0.0533,-5.516,1,0.0744,140.023,4,0.592,63,70.33333333333330,2017,0
1cYULl96cIYDfYy6SHI32y,0.32,0.723,176344,0.629,0.0,0,0.277,-13.578,1,0.0696,142.046,4,0.838,49,85.0,2017,0
7Jkj6H2KxFh0yqyqnlJtYZ,0.0745,0.648,190213,0.903,0.0,1,0.135,-4.397,1,0.0638,110.0,4,0.898,0,38.0,2016,0
371JmiuxgqqkGXDTMOlySN,0.0931,0.735,281010,0.558,0.0,5,0.101,-6.343,0,0.0903,138.051,4,0.486,48,82.66666666666670,2017,0
5ALc7rbru6QOLGodVSDocc,0.339,0.891,358506,0.491,0.0,8,0.296,-8.874,1,0.118,133.984,4,0.806,60,92.25,2016,0
3G47RiG2PrvEVo4panDHi9,0.0142,0.922,73000,0.451,4.74E-05,2,0.169,-5.989,1,0.12,120.045,4,0.457,71,61.0,2019,0
4IYmJKwEsFTwQUdzsWSiv1,0.453,0.812,220000,0.398,5.4E-06,9,0.12,-9.832,0,0.105,119.955,4,0.189,55,72.5,2017,0
4cqKXiwy8dVLMyNv3ljLKV,0.576,0.632,111084,0.645,0.0,11,0.307,-8.014,1,0.0505,146.983,4,0.769,23,51.0,2018,0
4L9Ds4mpD3SuYoWwFUlv16,0.0791,0.362,185200,0.882,0.0,3,0.15,-3.717,1,0.0973,199.811,4,0.864,77,83.0,2019,0
7bTH8LgGSwyNNE4r1k95Zp,0.00915,0.721,151183,0.718,0.0,8,0.147,-4.043,1,0.0459,142.926,4,0.2,60,84.33333333333330,2017,0
1JbR9RDP3ogVNEWFgNXAjh,0.204,0.766,211853,0.709,1.41E-05,9,0.126,-6.471,0,0.123,128.07,4,0.506,75,95.0,2017,0
3rqShaOisWYj8wAjHxzXWk,0.354,0.61,238733,0.746,0.0,7,0.398,-4.702,1,0.0535,121.908,4,0.485,1,7.0,2019,0
0ro5QCkSCtbfhMHnvMase3,0.741,0.728,201544,0.73,0.0,5,0.705,-5.402,1,0.213,136.052,4,0.736,60,90.0,2017,0
0rFDIIprLl60EJGNiICPDq,0.00264,0.668,214173,0.719,0.0,7,0.103,-6.027,1,0.0379,147.922,4,0.315,62,79.0,2019,0
4KK12GjL4aQ190XI6FC7cn,0.36,0.644,96071,0.732,2.91E-05,0,0.224,-6.547,0,0.225,89.933,4,0.294,39,56.0,2019,0
3VUoOYhDIaA0gsumhrIooq,0.683,0.687,108003,0.43,0.0,2,0.14,-11.872,1,0.358,159.766,4,0.626,24,51.0,2018,0
3JAeYOjyJodI4PRs44lx2l,0.00207,0.836,213357,0.579,0.0,9,0.11,-6.164,1,0.243,85.486,4,0.431,72,84.5,2018,0
4urudoknup7U1U3wpFE76g,0.061,0.636,150486,0.842,0.00328,10,0.105,-6.347,1,0.0368,92.524,4,0.9,14,50.666666666666700,2018,0
3fOCHVP6W1uXr2kkZ1dzm0,0.751,0.581,256573,0.389,0.0824,0,0.118,-10.164,1,0.0331,149.847,3,0.163,46,75.0,2017,0
5sdg8IXPzbtzBFmXAAWjxA,0.148,0.683,129201,0.494,0.0,5,0.138,-8.479,1,0.0568,75.01,4,0.406,0,14.666666666666700,2019,0
47uLIZwcK9N0rPk5J2CA2z,0.233,0.809,154281,0.654,0.0,6,0.119,-5.66,0,0.32,155.966,4,0.541,60,91.0,2018,0
1Ona3VAcHeRzOC3JzlIkik,0.463,0.836,129985,0.606,0.0,2,0.295,-7.853,0,0.211,125.033,4,0.367,51,62.0,2018,0
4B8vU5oDXVxO5OkLAI4aLx,0.0133,0.593,235232,0.632,0.0,6,0.64,-5.381,0,0.541,173.369,4,0.0789,65,89.0,2018,0
15BlympuVSfZFROojEMY2M,0.0751,0.428,218933,0.656,0.181,11,0.15,-3.712,1,0.075,79.648,4,0.355,66,84.66666666666670,2016,0
20Kmj2Q8gFRQIyjiDYCiBD,0.162,0.728,154086,0.623,0.0,5,0.131,-6.403,0,0.121,159.99,4,0.682,0,17.0,2019,0
5I30ByMf5nhgbSokY1EZiN,0.0381,0.901,254946,0.472,0.0,11,0.11,-8.416,0,0.194,120.0,4,0.479,67,93.0,2018,0
44gZSuP2nPUvab9ajBrnVM,0.0977,0.856,199986,0.548,0.0,8,0.115,-6.658,1,0.205,130.063,4,0.312,54,74.0,2016,0
0S3KrFpg2kmUpTzPUyz57D,0.099,0.898,133041,0.459,0.0,2,0.126,-5.599,1,0.237,130.165,4,0.191,48,46.0,2019,0
0uWVv9YdpCKnvobL2Fjwf2,0.12,0.764,178133,0.577,0.0,0,0.228,-7.697,1,0.0551,150.992,4,0.832,49,71.0,2019,0
0zNHMc1cGKe4MO5rtGtKRh,0.000786,0.874,238026,0.552,0.286,1,0.144,-7.951,1,0.271,147.043,4,0.521,69,91.5,2019,0
00DcwM45CMDjGChnoFRQ6y,0.00648,0.782,211960,0.566,1.45E-05,1,0.221,-7.498,1,0.257,156.012,4,0.0568,2,84.0,2016,0
6E81EbhbNTN8aRJu8m5Q62,0.248,0.702,131030,0.383,0.0,5,0.453,-11.11,0,0.0547,143.072,4,0.406,0,17.0,2019,0
1WK0CHEUFRtxPnhhBd0xjU,0.128,0.707,175857,0.401,0.0,0,0.0917,-12.959,0,0.235,163.983,4,0.282,0,17.0,2019,0
0uYMerBHiIHrCv9FHfzUMe,0.216,0.918,120306,0.394,0.0,0,0.085,-10.786,0,0.32,120.016,4,0.441,74,74.0,2019,0
5DNX10pCeyvo6cepKVOCJh,0.314,0.654,116820,0.546,0.0,0,0.254,-7.958,1,0.204,169.994,4,0.294,50,61.0,2017,0
6xVhqLT40s5sVhepe9Mckc,0.18,0.515,153337,0.802,0.0,2,0.241,-2.655,0,0.283,76.069,4,0.279,62,86.66666666666670,2019,0
3Q241k92c1I5sqKbdw6Ujb,0.0121,0.675,155693,0.574,1.11E-05,6,0.108,-8.066,1,0.0559,135.037,4,0.482,71,81.5,2017,0
0xHCBEJMWZjxM0wUz0X7MG,0.861,0.764,148563,0.24,0.00681,0,0.101,-11.229,1,0.104,76.019,4,0.524,28,63.0,2016,0
6GivWRmlYtefJr28jev6e0,0.789,0.774,122706,0.195,0.00103,4,0.109,-12.233,1,0.087,132.847,4,0.369,74,93.0,2019,0
6XolqPG5iAYeMQJ2aKNqgN,0.138,0.855,205775,0.592,0.0,8,0.101,-8.869,0,0.0973,140.037,4,0.126,0,10.0,2019,0
1iPBD72u3nAyFEeardYuBV,0.301,0.792,139200,0.571,0.0,8,0.1,-7.539,0,0.094,99.999,4,0.556,23,85.0,2018,0
60sHu6CKksg8ua4jktvxw8,0.0942,0.748,211320,0.462,2.95E-06,8,0.145,-11.503,1,0.365,159.049,4,0.491,56,49.0,2018,0
2yvX9pGZNtPVDIUSNY0jML,0.0177,0.371,252342,0.561,9.95E-06,2,0.659,-9.133,1,0.0534,136.457,4,0.225,64,88.0,2019,0
5pD9x23lsoQr464mlmaKNJ,0.073,0.451,237915,0.809,0.0,0,0.201,-5.327,1,0.141,189.888,4,0.481,10,76.0,2017,0
5ZQhX6lpd8JsUN1bCfPBUE,0.979,0.502,243428,0.154,0.458,5,0.5,-17.115,1,0.0363,139.882,4,0.208,0,40.0,2016,0
0QzliuYF4qRMXI76GwepXq,0.0102,0.569,230712,0.593,0.0,11,0.457,-6.718,0,0.336,86.695,5,0.262,58,87.25,2019,0
1LKBpRsbh2pwWx3SEe3O0I,0.045,0.82,191173,0.506,3.56E-06,5,0.0701,-8.724,1,0.578,127.093,4,0.514,41,51.0,2019,0
3Jdx1tdTnf3wqfDj6Hq2Ky,0.0309,0.713,151344,0.477,0.0,5,0.0969,-9.429,0,0.198,82.495,4,0.678,0,10.0,2019,0
3zXPxm4WxdCIgfdsbad9FH,0.105,0.817,259519,0.67,3.4E-06,1,0.366,-7.299,1,0.22,133.052,4,0.472,58,77.33333333333330,2019,0
5lBzjMCr2QRoNlleZq6l7P,0.0531,0.726,194590,0.576,0.0,11,0.0713,-10.365,1,0.134,159.12,4,0.129,57,82.5,2018,0
0WCbhE2evMrIwRM0DlMy9k,0.0498,0.838,292910,0.43,1.59E-05,1,0.0977,-5.868,1,0.281,126.981,4,0.126,61,88.0,2016,0
1iJdIZU5Ffgixa92wrcZZC,0.856,0.633,325155,0.565,0.00542,11,0.381,-11.125,1,0.0614,109.951,4,0.77,57,59.0,2017,0
55xNjVrGJxgqcEFqCyejTM,0.0531,0.864,194809,0.608,1.2E-05,1,0.078,-10.567,0,0.275,80.225,4,0.963,59,89.0,2018,0
18wCJcoFmXZ0jfrFhF6cYS,0.232,0.46,157476,0.426,0.0754,0,0.0847,-7.286,0,0.218,88.802,4,0.432,70,83.0,2019,0
4NbHIhW0P5skMNvtOMPDUL,0.181,0.787,127843,0.619,0.0,9,0.323,-7.32,1,0.17,124.09,4,0.824,29,83.66666666666670,2019,0
4hQ6o8ECY5MyHyodnyOHEw,0.547,0.817,244601,0.509,4.28E-06,5,0.0758,-7.287,1,0.0316,110.014,4,0.551,73,72.66666666666670,2019,0
09c6TTsYOYqKO63D27GtJp,0.136,0.54,123559,0.618,0.00312,1,0.129,-8.757,0,0.165,156.05,4,0.247,43,46.0,2019,0
711MglQhnhOF3UAiAs9A59,0.278,0.669,240437,0.683,0.0,2,0.268,-5.17,1,0.054,159.996,4,0.579,5,97.0,2019,0
5LWprrbySabBAMm0aE447a,0.227,0.543,171943,0.753,0.0,1,0.106,-7.395,1,0.287,90.535,4,0.183,60,66.66666666666670,2019,0
6kcHg7XL6SKyPNd78daRBL,0.0392,0.67,192040,0.843,0.0,1,0.225,-4.311,1,0.0454,117.01,4,0.713,64,67.0,2016,0
0Ko2PABMXhDGFuBYOlvWcx,0.000575,0.56,342746,0.64,0.00139,11,0.168,-7.564,0,0.0229,96.992,4,0.252,51,78.0,2017,0
0glTZHa9SxsDpeCQGc9AVs,0.141,0.746,160560,0.622,0.54,9,0.124,-6.517,1,0.0343,119.973,4,0.0832,66,88.0,2019,0
4gJUBncw0XCMTBHneTjqGx,0.128,0.836,161756,0.636,0.0,8,0.0462,-5.145,1,0.291,142.006,4,0.847,58,81.33333333333330,2019,0
5jEySVOrEiu9UCOdTy01Ls,0.376,0.797,138346,0.61,0.0,10,0.105,-6.626,1,0.148,140.074,4,0.465,62,54.333333333333300,2019,0
6ErLpjdU0AOAhK2jjnCBjo,0.175,0.514,224182,0.438,0.0,11,0.0935,-12.552,0,0.335,86.129,5,0.333,49,73.33333333333330,2019,0
3vkJQv4A2LPtVQYJbWhIQ0,0.72,0.689,203919,0.38,1.62E-06,10,0.153,-8.491,1,0.0324,97.991,4,0.234,62,78.0,2019,0
6LkawpJyy0TZJ6Z41gMVyy,0.125,0.427,325809,0.724,0.0,0,0.749,-4.751,1,0.0844,140.029,4,0.289,70,97.0,2019,0
07W9fL0ee9LsqD9c3kNrdo,0.111,0.797,233880,0.341,1.08E-06,5,0.198,-9.733,0,0.373,165.917,4,0.423,6,93.0,2018,0
2u6XJ2PPaCyyRJqC0x6TMH,0.631,0.881,163566,0.581,0.0,5,0.0986,-5.162,1,0.0901,78.508,4,0.876,65,91.0,2018,0
4vSoyDfL0uZyUoWu5NNNsQ,0.0349,0.82,185865,0.697,0.0,6,0.197,-7.296,0,0.378,154.992,4,0.629,82,91.0,2019,0
0nbXyq5TXYPCO7pr3N8S4I,0.104,0.896,196652,0.586,0.0,10,0.79,-6.687,0,0.0559,116.971,4,0.642,80,88.0,2019,0
04ERv7RKakWaKavzv9UGSK,0.249,0.609,231168,0.517,0.0,6,0.188,-5.62,1,0.12,158.105,4,0.252,0,17.0,2019,0
0472GHH39x8uR6eSb5y0q9,0.0838,0.763,116756,0.604,0.0,1,0.261,-5.754,1,0.114,147.893,4,0.18,33,91.0,2018,0
0DSNcOjCLVq1Rnuldtj6Ik,0.0972,0.862,111333,0.218,0.0,8,0.126,-14.576,1,0.151,130.222,4,0.275,30,60.0,2019,0
4Q5uB9p1o0DfjdVtkODhvL,0.000108,0.528,261705,0.976,0.0,2,0.24,-2.188,1,0.0803,100.082,4,0.511,5,80.0,2018,0
6ZSO7kPn8IMJFymyticbJO,0.615,0.6,225882,0.412,0.0025,8,0.134,-9.343,1,0.344,113.049,5,0.408,71,71.0,2016,0
2L8fevaAigB9yXn5psMR3R,0.0306,0.747,213132,0.524,0.0,10,0.2,-6.807,0,0.245,140.053,4,0.363,51,90.5,2017,0
2UUnhLf51JSrji1FAbJ17G,0.719,0.781,113142,0.672,0.0,1,0.275,-4.159,1,0.256,140.281,4,0.757,71,82.0,2019,0
7FESgYLcOufHqKlwrvJN60,0.0406,0.78,163250,0.798,6.31E-05,1,0.0733,-5.151,0,0.0613,78.969,4,0.771,68,74.0,2017,0
6cYouRbOf9Z2c1JzsIzAP3,0.37,0.824,178746,0.47,0.0,1,0.115,-8.767,1,0.425,69.968,4,0.602,47,61.0,2018,0
3XzLC1TU451F0nPiJitk49,0.505,0.48,294000,0.418,0.00416,11,0.11,-9.622,0,0.0312,132.404,4,0.319,17,81.0,2016,0
5OuJTtNve7FxUX82eEBupN,0.122,0.565,361760,0.438,0.0469,7,0.108,-8.722,1,0.0311,133.949,4,0.211,67,66.0,2018,0
1M3tJP96RKySKjSDKrxBy7,0.303,0.729,224613,0.525,0.0,9,0.111,-9.807,0,0.187,93.681,4,0.29,67,86.0,2019,0
1D5q7cBDHLBDbzQDVrS6E3,0.0848,0.852,114108,0.41,0.167,0,0.142,-9.498,1,0.0602,122.054,4,0.467,64,63.0,2018,0
7HfHfA6pwSBprgJIGBEEBn,0.0498,0.682,178586,0.862,0.0,0,0.187,-4.72,1,0.0377,120.054,4,0.536,0,71.0,2016,0
13s81lzrWUCfQAH3SuxnRT,0.0463,0.733,215745,0.513,0.000986,6,0.183,-10.608,1,0.11,95.516,4,0.477,49,58.0,2017,0
4vXSTX64zaWKRES6sREMYf,0.199,0.729,195164,0.441,0.0,6,0.0874,-10.894,0,0.0384,91.023,4,0.729,38,68.0,2016,0
2nrbaFDKUzLITuhWHO7Kyx,0.0437,0.75,202236,0.732,0.0,7,0.112,-6.476,0,0.0572,122.027,4,0.799,42,70.66666666666670,2018,0
3griMd2FSimhnvHWOveakD,0.585,0.782,179310,0.422,8.73E-05,5,0.119,-6.464,0,0.311,87.091,4,0.509,49,52.0,2017,0
169Bkg06doyqcgxfj2cikx,0.00883,0.665,214047,0.772,0.0867,2,0.389,-7.153,1,0.354,160.037,4,0.378,19,46.0,2018,0
4plnlguZE2nUY46FLYAr7m,0.000124,0.472,191626,0.624,0.0521,0,0.129,-6.626,1,0.0264,93.297,4,0.504,36,39.0,2018,0
5FxbYc0s1MucUcsRtoAPEB,0.0475,0.603,137706,0.569,0.0,1,0.0527,-7.119,1,0.33,158.029,4,0.565,65,75.5,2019,0
5dD4Y4KoR2M3rye0dikr70,0.0469,0.522,173431,0.542,0.0,9,0.416,-9.57,0,0.185,155.06,4,0.149,53,64.0,2017,0
7uL0c7Yye2qACn8NQTatqV,0.192,0.646,174853,0.695,0.0,11,0.196,-5.502,0,0.0648,159.903,4,0.467,50,77.0,2018,0
2xyBvir9n474qfsOkxXMgx,0.48,0.75,240459,0.594,0.0,0,0.166,-5.619,0,0.282,130.104,4,0.255,69,74.0,2017,0
1c3RoDh7QPcsVngyreW90f,0.669,0.755,221650,0.439,0.0,1,0.121,-12.848,1,0.136,94.024,4,0.355,57,66.0,2018,0
5NgE4BsE6yvoptchuI0eIZ,0.127,0.602,185480,0.395,0.0,1,0.109,-8.752,0,0.289,81.468,4,0.335,63,78.66666666666670,2019,0
0jiW3PNiHJxOhWh9oPBJ7m,0.482,0.826,228106,0.422,0.0,3,0.108,-8.217,0,0.11,119.994,4,0.218,69,83.5,2017,0
2z2mrdosknDJoUlBlGSThR,0.393,0.82,157382,0.592,0.0,3,0.13,-7.753,1,0.428,121.887,4,0.609,36,51.0,2019,0
7A1Heow9lN9CIuuJzJ6MDP,0.22,0.842,247092,0.333,0.0,8,0.168,-13.886,1,0.384,141.001,4,0.143,54,90.0,2016,0
3hDp5jRxvtD31giFGUaE1x,0.237,0.715,271154,0.522,0.0,1,0.389,-4.69,1,0.151,158.023,4,0.233,61,84.0,2017,0
02CygBCQOIyEuhNZqHHcNx,0.205,0.802,261881,0.607,0.000748,11,0.246,-11.028,0,0.289,96.916,4,0.274,68,68.5,2018,0
4QRsZjrP4AeJeeg0Q4lgxE,0.084,0.748,155088,0.482,0.0,7,0.157,-9.872,0,0.0417,83.536,4,0.318,0,17.0,2019,0
7xC7Dv9kSpPKqel8iyYNLJ,0.0132,0.785,235535,0.623,0.0,8,0.155,-6.755,1,0.257,78.467,4,0.496,2,87.0,2017,0
4FseJ7iZy0wbgJZjtddLSJ,0.36,0.695,222653,0.504,4.74E-06,0,0.0961,-6.669,0,0.0561,146.965,4,0.502,58,78.0,2019,0
2utq7nL9B1f9D83DBxBlZA,0.0108,0.592,84461,0.589,1.2E-06,8,0.0295,-9.335,1,0.0501,81.997,4,0.389,0,43.0,2018,0
4B0r8wQP0qfyDFaPs4Rjnz,0.412,0.864,87706,0.223,0.0,1,0.154,-13.705,1,0.747,129.827,4,0.635,59,57.0,2019,0
5YbrqNUUleF39Ai3b3ruQy,0.0528,0.584,258120,0.433,0.0,6,0.0545,-7.126,0,0.191,79.3,4,0.452,66,71.0,2016,0
57nQyFocXZrKvWg5ZPYSoG,0.34,0.427,199211,0.698,0.0,1,0.0817,-6.06,1,0.247,93.611,5,0.447,58,90.0,2017,0
4bdJHQp90ymjEIkkYhcENB,0.104,0.923,126666,0.508,1.21E-05,1,0.126,-8.668,1,0.0468,108.039,4,0.168,71,79.0,2016,0
0zCKuE6FtcrH9PdZtCdyXP,0.0226,0.856,170958,0.82,0.0,1,0.168,-3.813,1,0.0962,146.009,4,0.723,50,86.0,2019,0
64fY6hYmUYmSlrfZQobFZX,0.523,0.803,135235,0.647,0.0196,2,0.101,-7.549,1,0.295,119.048,4,0.217,46,75.0,2018,0
5JtvedSVWW9McnoEAPJwQm,0.281,0.857,162453,0.427,0.0,8,0.108,-8.638,1,0.112,130.033,4,0.366,70,86.0,2019,0
3vEOALYBUNQUMXpqhWx3hG,0.333,0.701,200016,0.592,0.0,2,0.124,-6.745,1,0.348,80.064,4,0.682,60,78.0,2019,0
3A2JSxAxmCSFRdvTCvCWZx,0.00622,0.342,240857,0.716,0.818,4,0.16,-11.054,1,0.0578,139.755,4,0.482,38,28.0,2016,0
7mmutL2N2jtIN3qLIMAQO7,0.0384,0.8,173419,0.695,0.0,1,0.115,-5.516,1,0.248,155.02,4,0.341,69,83.0,2019,0
3JWh19WsndEFg0UFRFeTiU,0.0906,0.68,265373,0.549,7.18E-05,5,0.548,-8.276,0,0.244,162.876,4,0.289,65,84.75,2017,0
79l5JbcB7MVcjmYlvgq9KQ,0.00942,0.828,207478,0.794,0.145,11,0.413,-4.802,1,0.0436,115.013,4,0.847,59,57.0,2016,0
6okyeGV4YRkCyN00ca7smc,0.374,0.879,117153,0.467,0.0,8,0.115,-6.557,1,0.0653,134.943,4,0.78,55,67.0,2019,0
5H2WmzaijYOGTHeHdM3w9P,0.495,0.546,180845,0.669,0.735,2,0.25,-10.806,1,0.103,75.144,4,0.337,68,59.0,2017,0
5GGG19ePWfY5peq9p1pgiM,0.11,0.74,153208,0.628,0.0,8,0.106,-8.568,1,0.218,129.943,4,0.121,29,45.0,2018,0
5JM9o4EhRJmXrzlaI4bMx5,0.122,0.625,124687,0.512,1.76E-06,1,0.0917,-11.284,1,0.045,77.001,4,0.391,24,51.0,2018,0
4VMiNOpnjRwSCwmHaUfOMM,0.0117,0.73,170920,0.465,0.0,1,0.28,-6.29,1,0.278,148.028,4,0.367,71,93.5,2018,0
1VuwMlQGFpgEHCkSKLJelv,0.0704,0.714,220866,0.851,0.0,1,0.184,-4.848,1,0.195,141.942,4,0.463,0,17.0,2019,0
3NqCEpT8xsHdzpiRlM1kpS,0.128,0.71,195586,0.49,0.0,1,0.0942,-9.832,1,0.246,74.351,4,0.621,77,81.0,2019,0
64s75Jxg5DILfpihY7q56H,0.0957,0.845,269815,0.57,0.414,0,0.0813,-8.441,1,0.0802,113.003,4,0.466,49,74.0,2017,0
6hL2M0UcCYfXzzD691dWvK,0.271,0.721,180192,0.515,0.0,8,0.11,-6.759,1,0.225,140.233,4,0.206,56,67.0,2018,0
6fyI2QGPzUiqRHnuYD7oOp,0.889,0.453,217013,0.295,0.861,4,0.256,-16.465,0,0.0354,169.851,3,0.273,51,58.0,2017,0
1BLIejgsEW10gWMRwqykN4,0.0572,0.72,219146,0.826,4.86E-05,2,0.0921,-6.318,0,0.0452,126.221,4,0.8,39,62.0,2017,0
0O7mJ0noFBLn8MMUJrFaF1,0.0744,0.884,143225,0.783,0.0,1,0.12,-2.388,1,0.294,124.052,4,0.929,71,94.0,2019,0
4pnIUqhf1AQMFrJPd4BbrT,0.0259,0.926,169549,0.498,2.92E-06,11,0.492,-7.931,0,0.0899,125.008,4,0.766,67,90.5,2019,0
6V81K1OcvYgHEnCA6A2Qx9,0.0128,0.728,171466,0.727,0.0,2,0.0882,-3.585,1,0.206,143.144,4,0.89,71,66.0,2018,0
0syxBXqvW4MhO3yYGcxkuw,0.389,0.6,110445,0.427,0.894,5,0.0836,-10.311,0,0.0355,130.556,5,0.135,56,74.0,2018,0
4sAidZjRxlrz4lNjX1hX1r,0.391,0.676,219036,0.601,0.0,9,0.113,-6.751,0,0.0967,114.055,4,0.162,37,30.0,2019,0
28mIIBZt0jAe8k9g52NOsX,0.333,0.877,205266,0.375,0.0103,10,0.101,-10.83,1,0.304,77.028,4,0.0832,57,72.8,2017,0
3alTiGlUAVATjRl6BBd7Ek,0.201,0.688,165216,0.785,0.000376,5,0.135,-7.822,0,0.043,159.985,4,0.536,1,11.5,2018,0
6YXxeDNipkeI0kV6v7QD91,0.00669,0.877,152798,0.528,0.0,8,0.0813,-10.981,1,0.476,144.046,4,0.184,55,84.0,2018,0
64FxpKdU055iIaMDY441Qc,0.155,0.837,195636,0.403,0.000511,2,0.225,-10.053,1,0.33,82.517,4,0.2,67,78.0,2018,0
67fNrBUMc7iWMofdCaoJV9,0.221,0.845,145520,0.76,0.0,1,0.107,-6.007,0,0.357,101.865,4,0.558,39,81.0,2019,0
56SO7IEpREAZCY5nFbOlX4,0.238,0.8,140624,0.65,1.61E-06,0,0.0714,-2.963,1,0.0391,140.032,4,0.638,13,38.0,2018,0
6M1qLtDxfOeBSbM5HnIo54,0.046,0.944,155130,0.425,0.0,1,0.11,-7.146,1,0.326,129.999,4,0.124,52,74.33333333333330,2018,0
52yOf7Ls1u5AO3cFIzQ58m,0.122,0.7,234308,0.714,0.0,9,0.0428,-6.295,0,0.104,99.909,4,0.458,9,91.5,2017,0
1j56M8iOGH48yuKqj64qGK,0.319,0.445,216038,0.591,0.766,7,0.107,-9.004,0,0.0316,137.864,4,0.0774,11,62.0,2017,0
4HJ4L8hpX9YjTwipKTYwaW,0.0219,0.319,101986,0.751,0.151,11,0.515,-2.801,1,0.0619,69.79,4,0.474,57,60.5,2018,0
0Goo25lbtpwor5vb0K2r21,0.0836,0.687,221152,0.829,0.0,4,0.0986,-3.607,0,0.0298,152.059,4,0.349,64,79.0,2019,0
0A6HaigqQKZd1wzjI0JrvG,0.0107,0.641,167815,0.639,0.0,11,0.0515,-7.763,0,0.274,163.005,4,0.803,51,76.5,2017,0
2yJ9GVCLMmzBBfQAnfzlwr,0.0855,0.927,313573,0.535,0.0,6,0.136,-7.59,0,0.0911,112.96,4,0.336,68,88.0,2016,0
2KWWt3OgaUBkjPM9rxOssv,0.0303,0.754,147701,0.6,0.000944,10,0.114,-8.935,1,0.0573,142.986,4,0.209,24,51.0,2018,0
24BNgrtp6Fag4M5BQPEgsV,0.0568,0.373,162981,0.717,0.0,1,0.114,-5.833,0,0.083,109.977,5,0.293,74,97.0,2018,0
6CES1554HcWMIVroJfmmBm,0.021,0.542,245456,0.906,0.00043,9,0.377,-4.213,1,0.0491,120.014,4,0.515,65,70.0,2017,0
0qOyIp7uxZedcUIVp6BWmT,0.000119,0.393,196849,0.988,0.0,1,0.3,-3.166,0,0.164,199.904,4,0.333,52,69.0,2017,0
6UzcqQTZ1JhVkn8bPNmxr1,0.000438,0.553,210320,0.826,0.00344,0,0.0823,-5.819,0,0.0344,119.984,4,0.468,50,74.0,2018,0
7C0BHTRLmWUONc8OYjOPdW,0.00437,0.66,186360,0.771,3.07E-05,10,0.29,-5.233,0,0.128,91.023,4,0.527,62,88.0,2019,0
2XELtFPg5H2Xmg6eas6dII,0.0454,0.553,191280,0.918,0.000127,11,0.0776,-3.515,0,0.0594,90.062,4,0.756,51,75.0,2017,0
1h24r3uHcXqqSntThwu1Q9,0.604,0.514,325714,0.327,0.915,2,0.187,-13.588,0,0.0276,98.234,4,0.11,0,40.0,2016,0
1Ci4wASMY4xtKVMeHA6Sd5,0.36,0.744,286235,0.589,0.0,5,0.119,-1.218,0,0.0359,127.051,4,0.242,73,97.0,2016,0
2AyyImkxFBEhfPmIe46Ppl,0.0678,0.695,256560,0.502,0.0,8,0.11,-5.389,1,0.279,173.916,3,0.447,57,69.25,2017,0
3OTMcouJxgNYYwuLsQ4Qw6,0.135,0.586,195666,0.855,0.0,1,0.754,-3.481,1,0.323,80.105,4,0.549,54,73.625,2017,0
347hgqCHnL4GfgVX5hZfNv,0.203,0.845,208920,0.37,0.0,4,0.104,-7.333,0,0.519,152.949,4,0.269,61,93.0,2017,0
1eEYbTvRWPEozV0ttNO0NC,0.0227,0.876,199680,0.608,1.16E-05,8,0.107,-6.019,1,0.109,124.983,4,0.258,76,78.0,2018,0
6i2e6JcfoVnQnOtymJ8dC4,0.118,0.753,131395,0.304,0.0,4,0.0932,-17.121,1,0.254,159.887,4,0.177,0,43.0,2018,0
6MQJ0SPApUWxHYQShpZlZb,0.0029,0.639,188946,0.814,2.98E-05,2,0.0529,-5.632,0,0.0385,123.922,4,0.904,53,80.0,2017,0
0aZ8BBAmh4UiklU4oAVKm6,0.792,0.81,166587,0.631,0.0,4,0.195,-5.115,0,0.244,129.993,4,0.454,38,63.0,2018,0
0Yu6IwLS6u9lqGhqDbZUtO,0.585,0.58,209266,0.504,0.00185,1,0.12,-9.8,0,0.0495,139.823,4,0.058,30,18.0,2019,0
21kOVEG3bDCVphKhXL8XmQ,0.221,0.831,96063,0.795,0.0,1,0.291,-6.186,1,0.264,160.063,4,0.744,77,75.0,2018,0
4KkfHbxGkiiMUlR3p4Se49,0.648,0.598,146301,0.692,0.0,0,0.513,-5.456,1,0.0795,145.982,4,0.433,32,49.0,2019,0
1QLyDdhB9gmxbGv0K1kFyT,0.000265,0.584,254346,0.833,0.00595,11,0.32,-5.824,1,0.0358,124.018,4,0.671,63,76.0,2017,0
6l8McJSn8BgCTTewysSusR,0.34,0.879,194771,0.882,1.58E-05,0,0.135,-5.47,0,0.239,130.034,4,0.837,60,87.5,2017,0
3t6x1j9DqfV83a5EXIwBc3,0.16,0.678,162205,0.623,0.0,1,0.151,-5.034,1,0.0828,160.018,4,0.103,69,81.0,2019,0
2TdZdeKIDMqi1B3139W4Wb,0.136,0.899,227044,0.496,0.0,7,0.139,-4.691,1,0.329,127.046,4,0.145,60,84.0,2017,0
4wvBZiYlPHH9wh20pxtVHt,0.000937,0.686,352733,0.718,0.0511,10,0.508,-10.806,0,0.067,106.376,4,0.79,0,37.0,2016,0
6W5EFlkhmo93rvZmcSWR1a,0.341,0.715,424343,0.564,0.0,5,0.095,-6.466,1,0.196,157.961,4,0.725,0,17.0,2019,0
6CR9zy43zaS8LWu2PcrlFc,0.304,0.716,250464,0.452,0.0,1,0.202,-6.657,0,0.21,108.117,4,0.21,39,50.75,2016,0
5POfKAQ3BLtvfzqpf5zlTi,0.00316,0.887,168290,0.558,0.0,9,0.135,-6.535,1,0.44,135.917,4,0.157,44,87.0,2018,0
3ZOwmSmQKX4vTK4N6e2GsW,0.372,0.775,211862,0.539,8.11E-06,5,0.225,-4.303,1,0.0881,144.966,4,0.624,58,70.0,2018,0
59IUUAdjVbmq80Nkc3Q9Dx,0.121,0.803,171968,0.485,0.0,1,0.092,-6.491,1,0.0365,127.01,4,0.422,76,86.5,2018,0
2bGEPdcL80FFHQ3VxcYBJQ,0.0131,0.77,179773,0.599,0.0,2,0.0711,-8.663,0,0.661,159.966,4,0.427,72,81.0,2019,0
17Cs25j5Ui6X6W4Hk1kAyC,0.208,0.794,187006,0.459,7.17E-06,7,0.12,-7.404,1,0.0941,149.033,4,0.266,72,97.0,2018,0
48S13cPaFJmBtBVQfPPQhq,0.347,0.64,222524,0.744,2.95E-06,9,0.0756,-7.383,1,0.0481,103.013,4,0.753,38,53.0,2019,0
4TnUqDwu2XGgtCnSL4UIaa,0.42,0.889,134380,0.478,0.0,8,0.0685,-10.342,1,0.246,121.02,4,0.779,74,70.5,2019,0
7tzmGkc3YUUAp8ljNjcyQz,0.165,0.881,297377,0.4,0.0,1,0.105,-7.258,1,0.236,130.006,4,0.171,0,83.0,2017,0
5Yq38evNk28qlTVHHtwBhT,0.849,0.649,246400,0.468,0.00706,2,0.106,-10.951,1,0.0447,92.489,4,0.618,53,74.0,2019,0
5Osf6wN4oDoUB09wemJmnZ,0.147,0.708,169818,0.73,0.00148,9,0.101,-7.595,1,0.0874,158.01,4,0.619,31,51.0,2019,0
3vWzyGTu6Ovo1GdrcJqH6e,0.0468,0.443,233000,0.623,0.0,0,0.247,-6.717,0,0.0718,79.365,4,0.156,76,92.0,2018,0
5QUEfVhkdt6uCQscyf1EhS,0.000194,0.663,234653,0.735,0.0255,8,0.0954,-5.933,1,0.0275,114.018,4,0.418,33,59.0,2017,0
0I6wh8pETh9PS7dVTzykQd,0.059,0.868,153346,0.444,0.0,7,0.0727,-7.122,0,0.301,159.973,4,0.395,55,69.0,2016,0
1O02UzJKK7njDp3lQqLhUm,0.0507,0.704,286586,0.762,0.0,1,0.893,-8.582,1,0.305,132.205,4,0.234,46,91.0,2016,0
12bXacZZxwe6qkKwlm43a7,0.0548,0.844,147626,0.723,0.0,7,0.15,-4.139,1,0.246,85.011,4,0.552,54,72.66666666666670,2018,0
3FwjVGj09AuW9cplShwmFl,0.0348,0.661,144274,0.351,0.000103,1,0.0868,-14.521,0,0.0658,159.988,4,0.143,62,75.0,2018,0
72LlwJM24dWKpFLVB3PWWQ,0.433,0.824,166297,0.554,0.0,4,0.124,-7.118,0,0.115,127.003,4,0.316,7,92.0,2018,0
5wl3qCP3MbuXsGh8QXfREA,0.202,0.797,176493,0.472,9.76E-05,11,0.162,-6.317,1,0.326,179.946,3,0.371,1,88.0,2019,0
2MF4HtZHBoUliOi9nOAbS0,0.832,0.594,262360,0.37,0.0,11,0.108,-11.674,0,0.404,135.391,4,0.309,69,88.0,2018,0
3nAq2hCr1oWsIU54tS98pL,0.0528,0.557,181573,0.586,7.33E-06,10,0.339,-4.57,1,0.0382,96.091,4,0.0681,74,95.0,2016,0
6mBwzEADA0EfzISE52JqJW,0.0809,0.944,248001,0.538,0.0,11,0.213,-6.805,1,0.389,124.962,4,0.507,60,62.5,2018,0
6V4KHt9xu4TPEnDFoBeacT,0.00529,0.734,159915,0.751,0.0,1,0.183,-7.26,1,0.285,161.997,4,0.56,72,74.0,2018,0
5eWYhusHCbD6GQS9Ctac6I,0.0247,0.768,210000,0.618,0.0,6,0.131,-7.471,0,0.34,160.032,4,0.54,61,88.0,2019,0
6Pd20wirRDM9k4e69px3dN,0.477,0.666,271530,0.537,0.0208,8,0.0656,-10.467,1,0.249,93.002,4,0.653,57,72.5,2018,0
2uIJmDr8yFuq27JgZGAw7l,0.844,0.556,226031,0.336,0.0,4,0.157,-6.558,1,0.0266,99.811,4,0.233,49,69.0,2018,0
2PCKWNZYcwyFKd4lVRWE8k,0.0585,0.765,147413,0.574,0.0,5,0.22,-8.456,1,0.31,140.017,4,0.606,65,83.0,2018,0
1dpFMMagx6agdv4I1JxwkK,0.0103,0.906,197420,0.395,0.000195,1,0.117,-11.277,1,0.206,146.056,4,0.376,2,92.0,2018,0
61mnlyQlnPuq1GEX0LxIWh,0.0575,0.943,180748,0.495,0.0,6,0.0952,-5.964,0,0.18,129.971,4,0.573,60,58.0,2017,0
7aOxRy9Hlu3UrZx3H80OZr,0.428,0.525,190012,0.371,0.000196,8,0.108,-7.201,1,0.15,101.913,4,0.318,29,51.0,2016,0
6Kl2KYYqx0uH0C1rqyySJm,0.0543,0.778,236147,0.434,0.1,0,0.167,-10.682,0,0.16,163.018,4,0.232,31,63.0,2017,0
7DOJelSvOL3A3sByy4FtpO,0.121,0.834,156026,0.81,0.0,8,0.343,-4.128,0,0.192,75.033,4,0.73,66,84.5,2019,0
2AYqn2SkHqDzF1qM8Wj2nh,0.264,0.767,174706,0.583,0.0,1,0.123,-7.908,1,0.193,142.96,4,0.254,59,77.0,2019,0
1Nfht0uva6GtUwZB05aHcr,0.0195,0.779,165813,0.543,0.0,7,0.0996,-10.763,0,0.0889,109.952,4,0.33,68,86.0,2019,0
028JxheELfIvvY4zBXuMjw,0.15,0.776,201626,0.64,0.0,7,0.0983,-8.058,1,0.183,160.038,4,0.326,78,82.5,2019,0
4U6ubKsTd8RBDP5tPPhh7I,0.0314,0.479,275275,0.63,0.0,7,0.073,-5.628,0,0.133,117.988,5,0.227,69,88.6,2019,0
4dOmgE4ULbySxpeGObN8RL,0.0696,0.782,131761,0.659,0.0,1,0.168,-3.103,1,0.248,148.03,4,0.336,69,97.0,2019,0
35XQC70WCJHUi52mIdxXw2,0.563,0.816,97273,0.411,0.308,1,0.101,-10.582,1,0.392,160.015,4,0.0968,41,62.0,2017,0
0gqfvyewE2Sh8TwKBFajCF,0.2,0.81,261982,0.57,0.0,1,0.111,-5.604,1,0.318,136.944,4,0.337,61,87.33333333333330,2016,0
0FE9t6xYkqWXU2ahLh6D8X,0.581,0.825,233712,0.652,0.0,1,0.0931,-3.183,0,0.0802,95.977,4,0.931,77,98.0,2017,0
6bv4WvcUsV2gZXl54d3yst,0.0216,0.859,159745,0.391,0.0,7,0.0968,-10.252,0,0.701,157.037,4,0.354,72,74.0,2019,0
0doOvUe6IiDVGBnvdH5VQF,0.307,0.608,130346,0.862,0.0,6,0.419,-4.213,0,0.273,174.091,4,0.613,61,79.0,2019,0
6uIpf2e5PrB0ZMufi0AWpL,0.213,0.772,133213,0.659,0.0,2,0.317,-5.388,1,0.283,143.716,4,0.815,63,84.0,2019,0
49z1xCmcez6eIC9SjWgml8,0.0734,0.907,177651,0.638,0.0,10,0.0833,-5.571,1,0.112,130.0,4,0.482,52,84.5,2018,0
1bx4Jw8A7GQtImIQGccI6D,0.246,0.49,246792,0.651,0.0,8,0.233,-6.24,1,0.251,164.213,4,0.46,57,87.0,2018,0
0Y42Np66Dz33VKgxIcUgOx,0.1,0.707,178000,0.482,1.53E-06,4,0.284,-6.195,0,0.0438,153.992,4,0.154,67,88.0,2019,0
53EgLOn7PKAc0Z8626QHG1,0.0353,0.72,91949,0.751,0.0,10,0.0459,-6.53,0,0.237,159.892,4,0.479,0,17.0,2019,0
1jNrotshHZUS2wj7MU6Lw9,0.194,0.921,211840,0.442,6.11E-06,1,0.0907,-6.347,1,0.287,124.055,4,0.0552,56,73.0,2017,0
4Nbi6hJWVqM7Ois9G2KKjC,0.0554,0.785,176040,0.607,0.0,1,0.179,-5.103,1,0.0953,128.077,4,0.168,54,81.6,2016,0
32h8J2ouiVV6hmWBpjDnO5,0.202,0.482,97333,0.515,1.05E-05,7,0.177,-5.788,1,0.0278,77.174,4,0.69,37,31.0,2016,0
0xxm1WskKZSCvbkGjkSMr2,0.00549,0.67,232946,0.756,0.599,0,0.152,-4.299,0,0.0322,129.988,4,0.402,61,63.0,2016,0
0W1ZfgXpC23RYQPDq7RM5I,0.0525,0.957,217220,0.767,0.0,0,0.117,-5.116,1,0.115,110.508,4,0.577,72,88.5,2019,0
6Zc5f20q7sOe1IC1c1jQvZ,0.351,0.742,228816,0.515,0.0,6,0.184,-6.103,1,0.0747,136.02,4,0.452,75,94.5,2019,0
0ESJlaM8CE1jRWaNtwSNj8,0.24,0.743,213863,0.571,0.0,7,0.291,-6.054,0,0.145,119.054,4,0.495,74,97.0,2016,0
5wihevBA7MO9PNYyWyTfkh,0.0477,0.907,211244,0.489,0.0,8,0.115,-5.79,1,0.158,136.982,4,0.253,58,86.0,2017,0
3XRQT7EoS4U87rUuJwg5P3,0.128,0.62,122285,0.451,0.0,6,0.373,-7.623,1,0.17,156.906,4,0.294,75,97.0,2018,0
5TTLIG6IKMMcLR3iLYHHYb,0.37,0.852,240346,0.739,0.0,10,0.0429,-4.692,0,0.182,101.019,4,0.668,54,83.66666666666670,2019,0
3px2rAPu74ltbkf9eZsZ8h,0.00302,0.562,158666,0.904,0.0,1,0.0433,-4.947,1,0.0807,94.481,4,0.651,73,88.0,2016,0
6THpV6PIsiD8Uw0nnfcbdd,0.0112,0.711,153375,0.572,0.0,10,0.138,-6.717,0,0.444,174.983,4,0.355,40,54.5,2018,0
6g5exlGGjNqJwIK6OQoolD,0.0499,0.787,174626,0.68,0.0,7,0.117,-5.991,0,0.0488,110.016,4,0.574,54,69.75,2017,0
7KmaqxaakNs8frMSc4a0Bc,0.0427,0.746,149243,0.661,9.04E-06,10,0.14,-7.658,0,0.268,118.972,4,0.181,58,64.0,2018,0
3eeyKNIBrt5TH4y0y3QkOu,0.232,0.739,128413,0.637,0.0,4,0.634,-5.79,0,0.44,164.91,4,0.513,79,91.0,2019,0
649AbXFbU0UDYe2bhs9jSe,0.285,0.73,194181,0.928,0.00131,6,0.119,-4.28,1,0.0515,110.002,4,0.325,64,57.5,2017,0
6Eoz2eZzrDV0AhzJxfqkFg,0.0328,0.904,194025,0.706,1.12E-06,11,0.163,-3.393,0,0.169,94.002,4,0.103,57,76.0,2017,0
30YhyUmaegqSxsBICCeVzY,0.0906,0.736,225381,0.578,1.58E-06,7,0.319,-7.387,1,0.129,172.96,4,0.133,62,92.0,2018,0
2Ec33AVlkTTq8BHFgBTdQs,0.0327,0.881,198912,0.457,0.0,7,0.231,-8.191,0,0.156,136.97,4,0.296,78,90.0,2019,0
56S5YTNqlsXSnR5T1S2oyJ,0.174,0.78,193933,0.679,0.0,5,0.127,-4.554,1,0.0881,139.978,4,0.47,73,90.5,2019,0
7fBHjuqAIVOdy5xoNxy5YQ,0.131,0.669,201159,0.579,0.0,5,0.19,-6.341,1,0.0468,123.979,4,0.66,48,79.0,2017,0
1pHyMdmKAp494PDSZhJHvR,0.378,0.868,199116,0.521,0.0,1,0.374,-7.837,0,0.426,117.146,4,0.407,67,84.0,2019,0
5Ipt6cMFvzrjvK1cSnrhfI,0.0358,0.639,193341,0.549,0.0,10,0.124,-8.145,0,0.267,79.466,4,0.235,60,64.0,2018,0
4d21eC3M2dH7UM9DVv4PQ1,0.0395,0.929,204265,0.464,1.56E-05,8,0.192,-7.4,1,0.385,93.936,4,0.175,44,58.0,2019,0
2gQYziDV5cSTRSqr6akzi5,0.109,0.802,210386,0.59,0.0,6,0.429,-8.81,1,0.273,117.007,4,0.747,76,89.0,2018,0
2jey6aQoRNao7Ou9ftOXFC,0.0572,0.825,185986,0.718,0.0,0,0.104,-3.482,1,0.0838,145.028,4,0.69,60,84.0,2018,0
7FJ7lHtpbWvPKe3zCoeAWC,0.0725,0.641,248493,0.792,0.513,7,0.175,-6.453,1,0.0272,87.069,4,0.67,60,81.0,2018,0
05nbZ1xxVNwUTcGwLbp7CN,0.648,0.749,226040,0.398,1.26E-06,5,0.115,-7.44,0,0.171,80.032,4,0.0859,74,83.0,2017,0
1MGGbAkpmspdQMjJA8gS2E,0.324,0.583,219333,0.686,0.0,2,0.132,-6.932,1,0.392,144.607,4,0.743,50,68.875,2017,0
3oDkdAySo1VQQG0ptV7uwa,0.0414,0.665,175755,0.651,0.0,1,0.0896,-5.515,1,0.156,163.935,4,0.237,85,97.0,2018,0
4rxEEgflsdBswAYPasUCib,0.473,0.833,119904,0.492,1.82E-06,2,0.104,-11.101,1,0.387,159.984,4,0.609,0,17.0,2019,0
79GYAkpRIEXZEEKSqufbj8,0.167,0.836,196411,0.528,0.0,2,0.11,-5.855,1,0.31,131.117,4,0.329,53,85.0,2018,0
6dp8BFpvGV7DdwxyDYL5y7,0.251,0.492,210779,0.536,0.0,7,0.195,-9.932,1,0.382,84.947,4,0.381,58,72.0,2019,0
5iGBXzOoRo4sBTy8wdzMyK,0.0079,0.772,180013,0.51,0.0,4,0.131,-9.67,0,0.12,120.049,4,0.0755,48,71.0,2018,0
2H7mCiabia6clVL6cW1lzr,0.213,0.788,144000,0.676,0.0,1,0.118,-8.518,1,0.199,160.003,4,0.554,63,58.0,2019,0
2mbAFKj9gePjW91G1WH3sp,0.251,0.759,135880,0.812,0.0,8,0.348,-4.257,1,0.251,139.911,4,0.229,61,83.5,2019,0
6rz0dTA0PdhXImFV5EjM0w,0.0622,0.715,205800,0.639,0.0,5,0.157,-5.017,0,0.0752,149.996,4,0.151,81,82.5,2018,0
14FwKi5Lh5HRXeo6VNXlaN,0.134,0.692,241841,0.497,0.000207,1,0.111,-7.252,0,0.108,135.027,4,0.309,65,78.0,2018,0
3fAPcwGO7pea21rE48r1Yu,0.0343,0.638,166906,0.741,0.0,1,0.0761,-6.012,0,0.292,178.124,4,0.702,49,61.0,2016,0
1eQBEelI2NCy7AUTerX0KS,0.62,0.592,320680,0.403,0.0,0,0.54,-8.768,0,0.414,105.169,4,0.391,75,95.0,2016,0
1G0xFA3KNiKdbjhT2asL43,0.0264,0.727,205714,0.86,0.0,1,0.0485,-5.914,1,0.0615,104.958,4,0.482,60,80.0,2017,0
1Hn4WymIT8qYFyemSDGd8f,0.1,0.813,164746,0.582,0.000259,1,0.107,-7.559,1,0.0731,163.242,4,0.787,60,74.33333333333330,2019,0
5WBC1LQzzOyyeWL3GDLmp6,0.264,0.847,207934,0.647,0.0,1,0.104,-8.057,1,0.352,139.862,4,0.677,44,65.0,2018,0
3Dkj37f0j3th0ZqtbWxh2s,0.215,0.803,167704,0.689,0.0,1,0.283,-5.318,0,0.403,157.517,4,0.684,62,78.0,2019,0
42SuENdVxhQAx69cTVcm4b,0.0364,0.754,170631,0.639,4.24E-06,2,0.112,-7.81,1,0.0651,85.98,4,0.242,12,46.0,2018,0
71yt9LxEFPyYaY1u5SmUyX,0.0188,0.563,123870,0.796,0.0,8,0.153,-4.857,1,0.0385,154.958,4,0.809,32,46.0,2019,0
07stbgVp3PNKRk12IQ0ZCh,0.268,0.812,132226,0.541,0.0,11,0.071,-8.912,1,0.042,149.987,4,0.77,68,81.5,2019,0
2xt4oM2HHwDHwJIUiJOym5,0.943,0.415,257812,0.0362,3E-06,0,0.0729,-16.486,1,0.0418,77.705,3,0.123,44,34.0,2018,0
6SR8W2VvTJP9R2OPXngy6F,0.0636,0.734,156024,0.652,0.0,7,0.231,-6.876,1,0.0483,159.987,4,0.398,0,38.0,2017,0
2umdwsJRuFHBRw8TCQmYbq,0.178,0.586,161139,0.539,0.0,11,0.105,-8.743,0,0.199,158.116,4,0.197,67,91.0,2018,0
3fFBZvG777xoKyvcrBq7lc,0.0301,0.903,207866,0.609,1.61E-05,10,0.179,-7.555,0,0.237,149.991,4,0.268,64,93.33333333333330,2018,0
4BdGO1CaObRD4La9l5Zanz,0.117,0.638,243146,0.738,0.000384,6,0.689,-4.976,0,0.0292,97.021,4,0.657,76,79.0,2017,0
1mZbEtVS7C2EqiSsN7m3ie,0.156,0.712,126344,0.726,0.0,8,0.292,-7.987,1,0.273,146.766,4,0.771,61,71.0,2017,0
1g8nfOOpggE0iyhomrk9fh,0.12,0.8,165483,0.637,1.18E-05,11,0.126,-7.975,0,0.161,129.988,4,0.454,57,59.5,2019,0
7tYbWugeSE0fhZEKyy5SSs,0.0676,0.879,179306,0.497,0.000167,1,0.346,-6.92,1,0.309,156.086,4,0.226,50,71.0,2019,0
4jkalyYVL46RGyWphOzphd,0.445,0.474,225013,0.589,0.0,0,0.139,-7.292,0,0.141,113.202,5,0.51,69,89.0,2019,0
4PWLfWbyz5FnKt2hQRnZ8r,0.0903,0.601,260079,0.61,1.35E-06,7,0.196,-8.055,0,0.0814,140.019,4,0.125,49,71.0,2019,0
6PZ4ah8CZQiXoTXB7qEU8Z,0.817,0.794,186666,0.333,0.81,11,0.101,-10.459,1,0.0596,98.966,4,0.178,8,34.0,2017,0
5tvCPe7KzaoypIcAE6uG0y,0.287,0.618,236923,0.347,0.0396,10,0.104,-13.506,0,0.0356,78.003,4,0.329,41,34.0,2018,0
3j74Rz7pfvxd621GXbYMJY,0.00335,0.948,240000,0.396,0.0,5,0.192,-8.08,0,0.173,104.006,4,0.593,44,86.5,2019,0
4suKfIeraYcHeREkyQUPAN,0.453,0.487,193101,0.561,0.0,5,0.128,-6.062,0,0.0858,90.05,4,0.562,55,69.0,2018,0
0hwkukpHcBJfGcIUxi1tK2,0.0918,0.834,244506,0.621,0.0,7,0.0759,-6.156,1,0.0821,140.05,4,0.613,78,83.0,2018,0
2l8nEO0vsTRCRnGqQty6qx,0.088,0.931,179404,0.387,0.0,1,0.136,-9.127,1,0.412,125.978,4,0.376,80,83.33333333333330,2018,0
4yoQbSPoj8H3O8M3EKvC74,0.0563,0.617,200136,0.791,0.0,7,0.233,-4.292,1,0.0519,150.061,4,0.653,69,97.0,2019,0
1e4jcHkbKwazmvLw0ug4EL,0.236,0.791,144096,0.552,0.0,5,0.137,-8.289,0,0.0451,99.98,4,0.326,75,81.5,2019,0
07NMFSwppnky8JyIQIxAQZ,0.114,0.716,207058,0.68,0.0,4,0.366,-4.755,0,0.0589,76.47,4,0.219,76,89.0,2019,0
3TEVnjSXkWtXpntQoEamqS,0.234,0.675,166992,0.598,3.41E-06,10,0.109,-7.85,1,0.122,160.959,4,0.392,0,50.5,2017,0
5HFCFmjuSubniEXnFOpiZG,0.148,0.841,238133,0.678,0.0,5,0.327,-6.963,0,0.227,137.02,4,0.493,71,86.0,2018,0
2MJdgSby3DtSS7bUJx2cly,0.479,0.936,241440,0.559,0.0,7,0.129,-8.591,0,0.158,112.339,4,0.517,69,88.0,2019,0
7cFFhb9Wz2ZXLSpEk2VDKd,0.03,0.585,153773,0.941,8.41E-06,10,0.196,-3.278,0,0.145,130.024,4,0.45,68,79.0,2018,0
1qsHYUd2c1wFGcn7e63QmG,0.15,0.683,188773,0.776,0.0,1,0.227,-3.251,0,0.341,173.996,4,0.223,71,95.0,2018,0
5Dyrfn8kaxoisPK8mgN8Hc,0.0666,0.863,129306,0.433,0.0,1,0.313,-9.78,1,0.688,123.154,4,0.559,68,84.0,2019,0
4vZOoSFplBM0WqRrxnehgG,0.0995,0.876,114437,0.519,0.000101,2,0.104,-7.317,1,0.11,75.483,4,0.156,69,70.5,2019,0
5gTO879fvJUl6gYQ1Kvz0f,0.0257,0.662,210283,0.848,0.0583,5,0.121,-6.334,0,0.0618,114.027,4,0.259,58,51.0,2016,0
5de7ci7TFqbQ1PFgKAD7MR,0.0517,0.703,249240,0.661,0.0,6,0.34,-3.885,1,0.0539,149.906,4,0.495,72,87.0,2017,0
6IgLdbp4k0Zcp7JSQAoHUj,0.000111,0.48,242800,0.979,1.13E-05,7,0.0618,-2.729,1,0.128,150.011,3,0.677,48,80.0,2018,0
1yBbxDXEfr8boXM1ubvBHi,0.000541,0.826,178240,0.691,0.0,1,0.157,-6.557,1,0.129,162.966,4,0.603,66,88.0,2019,0
3gFRB4N3N2duUQR1URXJEW,0.731,0.668,239310,0.466,0.0,0,0.228,-9.023,0,0.174,86.975,4,0.519,21,46.0,2019,0
7iocPVdWe7uLfwOELdf0BR,0.0645,0.861,163706,0.64,0.0,8,0.166,-6.895,1,0.129,97.998,4,0.371,61,72.5,2018,0
2tm4sWtXJPpwFOJN06CVgY,0.0301,0.94,175046,0.415,0.0,5,0.0868,-10.072,1,0.357,99.961,4,0.468,30,46.0,2019,0
2N4idqj9TT3HnH2OFT9j0v,0.581,0.709,181586,0.496,0.195,1,0.151,-10.528,0,0.0417,78.477,4,0.469,68,77.0,2017,0
6PXhPHhZy1MpxuTNA1Ad4L,0.0201,0.651,254876,0.833,0.0,1,0.109,-5.153,1,0.0847,80.977,4,0.594,63,88.5,2019,0
6j97zG4DDrh3oUa6rZbFOs,0.0835,0.807,151649,0.602,0.0,11,0.151,-5.005,1,0.274,95.031,4,0.252,12,90.5,2018,0
28yESWw8HvQoZlyGpyH5Va,0.439,0.662,179519,0.503,0.0,0,0.102,-6.701,0,0.359,162.918,4,0.315,1,88.0,2019,0
2PLGsORkOCdEI3jTSyO2Id,0.272,0.822,219106,0.437,0.0,10,0.0688,-7.815,1,0.41,142.619,4,0.314,61,90.0,2017,0
2YVt7k1qZXFhzYDe8FMDW6,0.27,0.803,220259,0.54,0.0,1,0.0819,-6.862,0,0.318,139.989,4,0.345,67,91.0,2018,0
42k9e2hgl98IdgkXLg4pxs,0.413,0.636,265120,0.501,0.0,11,0.339,-7.26,0,0.329,82.309,4,0.196,69,89.0,2018,0
4kamnDMs8sxLZ2uEHHQFF5,0.0138,0.897,127946,0.529,0.0,2,0.259,-8.302,1,0.353,104.045,4,0.333,52,88.5,2019,0
0lOKsvuwUhu0a6ZEaviQ46,0.00317,0.916,152693,0.625,0.0,2,0.0933,-7.36,1,0.241,128.094,4,0.46,64,72.0,2018,0
5LeStoyvjAHpM52IYogOq0,0.0622,0.793,243915,0.524,0.0,5,0.0803,-6.229,0,0.148,95.044,4,0.631,65,80.5,2019,0
0AICBlLzFCTpUqmAbtzB2z,0.000404,0.659,143969,0.614,0.0,9,0.123,-7.32,0,0.0541,119.405,4,0.26,77,93.0,2017,0
0Ek0FqiDPgg1kZlF3lwlEA,0.312,0.709,331693,0.503,0.0,7,0.21,-5.762,1,0.538,87.673,4,0.26,51,85.0,2019,0
0EbIifYAM9wTYlPzKgTwFA,0.00226,0.309,246840,0.547,0.836,4,0.108,-7.752,1,0.0297,156.736,4,0.157,51,82.0,2017,0
6m6Oy3F6GG0zRwH03rWmTv,0.413,0.926,231786,0.544,9.54E-05,5,0.112,-6.827,1,0.0727,115.951,4,0.656,61,87.0,2017,0
40QrLHWdsxyXLAdjJG4Rxs,0.138,0.77,127200,0.576,0.0,8,0.08,-11.845,0,0.339,166.162,4,0.364,67,81.0,2019,0
3A2OHirUAlQp2x73BJlEDA,0.172,0.741,240926,0.562,0.0,4,0.0751,-5.474,0,0.165,180.068,4,0.292,64,82.25,2017,0
1uULQtJ8rbsX5TwjPpPc9Q,0.000897,0.879,288364,0.41,2.09E-05,8,0.108,-9.233,1,0.551,80.011,4,0.0703,65,89.0,2018,0
1cXa22Jmxjt6SI2oZ1NRM1,0.265,0.492,280720,0.635,0.0,1,0.122,-6.779,0,0.371,174.148,4,0.177,62,70.0,2019,0
015jLlgBeSkl3CApWJhlv7,0.0146,0.866,234640,0.51,0.0,10,0.107,-6.254,1,0.256,106.949,4,0.171,66,79.5,2019,0
6R9nl7ucaIt4mMNscXP0Qq,0.0237,0.796,215689,0.718,0.0,1,0.105,-7.215,0,0.277,156.07,4,0.867,58,80.0,2018,0
05KfyCEE6otdlT1pp2VIjP,0.0417,0.772,203782,0.775,0.0,10,0.226,-4.388,0,0.112,124.978,4,0.748,16,92.0,2017,0
1lnPygfVghWoKJAxaStV98,0.381,0.786,194053,0.567,0.0,10,0.0565,-6.52,0,0.0406,130.003,4,0.734,65,72.33333333333330,2019,0
7oW5YZZVeesParmVY7gx6s,0.164,0.749,164400,0.755,1.22E-05,0,0.176,-5.875,1,0.141,102.973,4,0.323,65,74.0,2018,0
3wdfLVUhmX64lIyWIIEW8s,0.023,0.89,213613,0.504,0.0,8,0.123,-5.444,0,0.123,129.969,4,0.222,68,83.66666666666670,2017,0
4gZDCOFuLCxCRWNhSEcOtJ,0.0398,0.655,202626,0.668,0.0302,0,0.0759,-6.733,1,0.0272,93.003,4,0.867,71,74.0,2018,0
7KVPsVMOK3NL7subwJ0dZj,0.0942,0.916,151539,0.756,0.0,0,0.23,-7.653,1,0.188,115.69,4,0.756,71,92.0,2019,0
2fh3bZ8jZhMxOcfESE9nQY,0.0154,0.559,213093,0.895,0.0,1,0.175,-4.476,0,0.0832,183.825,4,0.59,73,88.0,2016,0
0j1BAvgZnO5LoRCsGtgYYG,0.537,0.749,191760,0.454,1.75E-05,4,0.251,-4.57,0,0.0587,96.054,4,0.944,51,75.0,2017,0
3x5WIJiZQ6RwxeoLrQawhc,0.808,0.493,383914,0.695,2.04E-06,11,0.122,-7.396,0,0.486,98.005,4,0.221,42,63.333333333333300,2016,0
5PFfxZ9WezcE8JiUWLsyus,0.137,0.825,170955,0.682,0.0,8,0.122,-5.197,1,0.214,146.129,4,0.5,58,87.5,2019,0
35Ki1lvKPC2sFBD3GmKdRG,0.000729,0.591,194716,0.746,0.0,8,0.127,-7.762,1,0.0444,107.965,4,0.432,66,61.0,2017,0
2CEXhYY4cGmjyTyZJw7Wo0,0.28,0.691,183681,0.566,0.0,4,0.106,-5.213,0,0.227,147.982,4,0.291,71,92.0,2018,0
2BoeDIEzoS9diuyaqqVaDh,0.224,0.748,171906,0.66,0.053,6,0.101,-4.704,1,0.0487,137.033,4,0.328,71,65.0,2017,0
1Wc1SQwiThvSu9dMc5opth,0.521,0.886,168438,0.303,0.0,10,0.169,-11.199,1,0.792,127.981,4,0.322,59,88.0,2018,0
0MrLK6NEPoMbcb8R6q6itd,0.816,0.759,220333,0.613,0.0,7,0.0816,-7.91,1,0.105,97.012,4,0.329,68,86.0,2019,0
6MmtDonkpvSoRx9ACwrGDu,0.52,0.573,216080,0.398,0.0,5,0.113,-9.372,0,0.114,124.073,5,0.436,56,87.5,2018,0
3q8ms2oRMFsyxUYYKDiXIP,0.814,0.819,120000,0.462,1.62E-05,0,0.318,-9.638,0,0.485,159.873,4,0.5,75,68.0,2018,0
33zbOXJSwW7uf4VXXWow2O,0.0661,0.585,201263,0.737,0.0,4,0.0904,-4.121,0,0.191,171.853,4,0.0497,66,97.0,2016,0
63wj9nAxfTgNSOh4szh24w,0.021,0.792,102866,0.75,0.0,4,0.378,-4.359,0,0.224,164.948,4,0.593,67,84.0,2019,0
2fUZ3aMp8amSaV0mp8s6rQ,0.0626,0.711,167038,0.882,0.0,0,0.226,-4.276,1,0.0576,106.017,4,0.56,65,65.33333333333330,2016,0
6PRh0ilIMEP1xlUHqalnkD,0.0123,0.835,195257,0.659,0.0,4,0.372,-5.696,1,0.31,129.93,4,0.579,70,84.5,2019,0
7bP0XjogHeApg54fvjsDIn,0.325,0.37,124752,0.754,3.17E-05,5,0.269,-5.961,1,0.457,200.95,4,0.345,33,20.0,2018,0
7cIqYaQ3ZTdKx2A8gPvWNe,0.0178,0.54,266192,0.84,0.443,7,0.115,-4.847,1,0.0265,98.991,4,0.461,24,42.0,2017,0
1dsVIoiV96Goqv1jGbJySI,0.965,0.482,162280,0.101,0.00335,8,0.125,-18.914,0,0.0333,105.719,4,0.189,62,49.0,2019,0
18GGWv5FaSgvGef8XpMYhz,0.411,0.822,106781,0.49,0.0,1,0.0871,-7.633,1,0.274,90.005,4,0.352,46,51.0,2019,0
5QvxufjYSHVZoNLhEOL9AR,0.842,0.436,305760,0.341,0.0489,0,0.248,-12.329,1,0.266,83.466,4,0.325,1,57.0,2017,0
3zuRGDCXGIzAp4S8wuOmNm,0.132,0.592,170823,0.605,1.59E-05,10,0.11,-7.476,1,0.245,169.924,4,0.43,57,64.0,2018,0
21kV4OQy3uxhXoiLZtWOxz,0.197,0.77,187300,0.532,0.0,4,0.0909,-7.127,0,0.127,145.037,4,0.132,57,91.0,2018,0
03nPEoQOYMuDe7KmGljpmd,0.073,0.527,260000,0.761,0.0,0,0.0865,-4.708,1,0.341,135.543,5,0.653,69,87.5,2019,0
4Jc8dfX2kSb9a7YlEK4APR,0.653,0.791,192919,0.498,0.00927,8,0.102,-11.473,0,0.0979,110.486,4,0.176,50,49.0,2018,0
3guHvJjJREfiKy44JerWcM,0.185,0.794,151579,0.383,0.00121,6,0.112,-12.555,1,0.121,137.967,4,0.381,37,75.0,2019,0
1jw3MIn0Lm2VI0zW9VfXJv,0.00252,0.955,162873,0.325,0.0,1,0.238,-13.078,1,0.535,125.994,4,0.305,0,65.0,2018,0
0H7s1XxvCUxzN2sx5Kj6O1,0.00624,0.863,174874,0.591,0.0,11,0.0963,-5.513,0,0.373,83.97,4,0.676,22,46.0,2019,0
3KrdXYHIv0fikr5qKOxRAq,0.169,0.745,214773,0.544,5.33E-05,7,0.12,-4.517,0,0.0303,104.985,4,0.422,48,94.0,2018,0
1RKmQnG7ULPqPs8riWCsTc,0.129,0.623,269799,0.759,0.797,0,0.0954,-3.729,1,0.0371,110.002,4,0.953,23,19.0,2016,0
1o7fEkmVNWFiBOunYE4flT,0.00592,0.609,215035,0.659,0.000292,2,0.161,-7.218,1,0.0442,80.996,4,0.522,54,74.0,2019,0
5N3Pkbk0Y1zIHUxbNIXKIB,0.00496,0.62,195320,0.807,0.00243,1,0.162,-5.526,0,0.032,75.979,4,0.529,0,74.0,2016,0
4TwVtW8hS5LyLoDtJGpUOg,0.613,0.554,207307,0.589,0.000257,3,0.0982,-8.163,0,0.231,74.982,4,0.414,73,79.0,2018,0
1wGYcpJZ59rePkNu4zHmLu,0.896,0.513,162373,0.404,0.0493,5,0.136,-11.101,1,0.126,127.992,4,0.46,58,87.0,2018,0
6G08WE2rjuoaspgwcK2xij,0.325,0.699,291604,0.716,0.0836,3,0.111,-7.497,0,0.0375,100.982,4,0.377,48,50.0,2016,0
0OzaulK6s0p9zRsrsRFp9C,0.002,0.914,179266,0.559,0.0,6,0.101,-5.099,0,0.267,140.052,4,0.129,28,69.0,2018,0
0dWOFwdXrbBUYqD9DLsoyK,0.462,0.595,273151,0.657,0.000597,1,0.437,-6.498,0,0.183,156.093,4,0.718,76,82.0,2017,0
6PkgAqFSFbEWriHFjr1OL6,0.103,0.839,158720,0.46,0.0,11,0.475,-8.681,0,0.279,130.016,4,0.348,51,71.0,2019,0
7MNafieQviBWZ8lEtSf8nS,0.0805,0.887,140973,0.756,0.0,1,0.337,-3.909,1,0.238,130.168,4,0.574,64,84.0,2018,0
79Alcxmrw2tV9cNR6vTvKF,0.448,0.707,124841,0.472,0.0,11,0.195,-11.44,0,0.188,81.037,4,0.565,23,51.0,2018,0
05H4YaZdJfzwgUGfFNEsWI,0.325,0.459,121730,0.464,0.0,4,0.112,-9.593,0,0.302,85.414,5,0.455,0,43.0,2018,0
2QoDAlMnML5haTXvYRS86X,0.0109,0.72,187973,0.893,2.52E-05,1,0.0729,-3.279,1,0.0376,100.96,4,0.795,66,79.0,2019,0
4cQrSREMqBSvJ8ZzBZjVb8,0.403,0.754,193600,0.37,6.22E-05,6,0.107,-9.854,0,0.12,114.941,4,0.228,72,85.0,2019,0
3OKjDHmSJVKOn6V4hCR8bq,0.695,0.677,210080,0.421,0.0,2,0.139,-10.19,0,0.14,85.332,5,0.609,69,86.0,2018,0
5dv1VQpsAbUv8xf8MrhoqA,0.0138,0.884,192346,0.507,0.0,1,0.0963,-4.919,1,0.332,141.947,4,0.168,56,65.0,2018,0
4FIch2blnkhlCfnfSzrfxQ,0.0214,0.684,358014,0.617,0.972,6,0.553,-9.583,0,0.0355,119.989,4,0.0689,35,38.0,2017,0
4kjvpLx8SaGylDnOUxn3fj,0.829,0.602,135413,0.703,0.0,5,0.149,-11.821,1,0.546,105.431,1,0.494,39,70.0,2017,0
7qpMuhNhf4MX7hPGLgDVNv,0.0393,0.829,251846,0.77,0.0,1,0.299,-8.686,1,0.41,139.993,4,0.396,0,17.0,2019,0
2VIMXmWUIqhMqg6h5FOFPG,0.118,0.862,223786,0.689,0.0,1,0.0729,-5.68,1,0.323,83.964,4,0.364,73,88.33333333333330,2019,0
0jx8zY5JQsS4YEQcfkoc5C,0.294,0.771,206240,0.647,0.0,5,0.37,-5.127,0,0.376,155.914,4,0.678,65,79.5,2016,0
7sB2rmolvEt77KFPCraSNc,0.189,0.914,275872,0.781,0.0,9,0.126,-5.467,0,0.302,140.09,4,0.806,60,81.5,2018,0
0NTLc38M2fPfeA9nFnI8HJ,0.111,0.748,438760,0.655,0.0,7,0.351,-9.364,1,0.517,137.757,4,0.538,47,75.0,2016,0
5rgnyXr2PXFWsAnPFew077,0.135,0.324,241066,0.735,4.84E-05,10,0.169,-4.054,1,0.0337,113.923,4,0.169,17,83.0,2018,0
332JQaT9IA2SiJlGox8opM,0.143,0.591,192064,0.73,0.0,5,0.0886,-5.255,1,0.07,174.06,4,0.362,49,87.33333333333330,2017,0
0JR7iZZ6Ql79sXW3rbiS3F,0.0492,0.755,230533,0.503,0.0,0,0.226,-8.06,1,0.206,142.011,4,0.524,65,93.0,2018,0
2IoVnTEyj8NdFBpWoEFrMZ,0.187,0.468,203653,0.837,0.0,1,0.687,-5.654,1,0.381,95.47,3,0.605,66,86.0,2019,0
5ymQzQmUWJNIMlTUAldfVZ,0.391,0.771,199970,0.462,5.72E-06,11,0.267,-8.717,0,0.128,145.908,4,0.875,48,61.0,2017,0
1Wve83RcS2IGmWyCYSGVqr,0.00429,0.628,188613,0.783,0.0022,6,0.0955,-5.479,0,0.262,81.883,4,0.364,47,61.0,2016,0
5uy1jKkzK70cDHr6guudGM,0.304,0.879,169080,0.48,0.0,8,0.283,-8.257,1,0.466,132.044,4,0.673,48,59.5,2019,0
2qqsnI3YL0zlp1iKdl2LWM,0.00589,0.416,197081,0.934,0.000373,0,0.207,-3.774,1,0.0452,181.857,4,0.654,20,19.0,2019,0
6CH3HwuR9Mqfz4FovIA1zI,0.0266,0.834,202396,0.59,0.0,7,0.139,-8.473,0,0.198,139.989,4,0.279,0,17.0,2019,0
5icdOB2Rd7bE0YZ1fAQx1P,0.31,0.82,161118,0.495,0.0,3,0.223,-7.968,1,0.247,142.959,4,0.675,71,88.0,2019,0
3UeOei46W09k4bqKNIdkrp,0.0685,0.799,160000,0.739,0.0,1,0.257,-3.063,0,0.0392,96.02,4,0.413,61,69.0,2018,0
0uyZ5ckiIUbFZd3P6RWmrj,0.225,0.885,192376,0.801,1.65E-06,11,0.0733,-4.716,0,0.0882,95.011,4,0.466,66,79.0,2016,0
2oZHqyiEdQvZimjrdQrEtF,0.0343,0.812,219677,0.828,0.00104,4,0.347,-4.984,0,0.0706,124.035,4,0.909,47,61.0,2016,0
6KCt9V6Lev0M04rFUj8ANC,0.193,0.861,177243,0.52,0.0,10,0.109,-5.498,0,0.472,153.899,4,0.384,66,90.33333333333330,2019,0
5qDsijQM75KTdv3RtSPx91,0.123,0.691,189480,0.602,0.0,9,0.0637,-6.807,0,0.209,151.987,4,0.685,79,86.0,2019,0
2gergcafjTJNT8Y7OpSDps,0.0174,0.538,179496,0.748,0.0,7,0.314,-8.567,1,0.11,106.91,4,0.529,0,17.0,2019,0
6uq8S5lQwzRC4FIVUWhoeV,0.201,0.674,240246,0.617,0.0,5,0.265,-6.834,1,0.381,140.073,4,0.593,52,90.5,2018,0
5TtF9bUEJPCMkezphzGr8C,0.0312,0.694,121398,0.419,0.0,2,0.106,-12.082,1,0.222,86.013,4,0.154,54,51.0,2019,0
6z1zMTtGVDLILMHKhK7uMD,0.73,0.738,192104,0.309,0.0,5,0.0875,-13.971,0,0.102,99.984,4,0.342,33,48.0,2018,0
6uSSupG4TMu3vW8QgynAB6,0.0235,0.736,192779,0.622,0.0,6,0.151,-4.653,0,0.133,191.971,4,0.506,68,90.0,2018,0
2tbIldU1Cfdpat40wyJKkn,0.128,0.858,236946,0.406,0.0,9,0.375,-9.404,1,0.649,155.918,4,0.596,63,82.33333333333330,2018,0
5jJL5w2NQ6YeA4a35xUlYV,0.386,0.769,135413,0.427,0.0,0,0.0731,-6.105,1,0.316,149.956,4,0.0393,58,71.0,2018,0
572BChNcXOIvtfn2TGmTKc,0.0925,0.797,250271,0.722,0.0,5,0.112,-6.23,0,0.0601,145.99,4,0.338,70,95.0,2019,0
5hHudNsfZXmdgefWxAX2LG,0.00647,0.695,182693,0.818,4.87E-06,5,0.0219,-5.379,0,0.0334,119.965,4,0.916,61,80.0,2017,0
29EAXbPh9fZdJEfl57TuqG,2.03E-05,0.422,247666,0.908,0.0688,2,0.148,-3.019,1,0.0452,94.033,4,0.112,50,63.0,2019,0
2Zy7XVdxyZQB8xp5xbpJdl,0.222,0.396,272500,0.554,0.0,0,0.612,-5.048,1,0.0488,117.384,4,0.17,70,97.0,2016,0
416AfdicJmUx79lMyieIVl,0.919,0.509,91400,0.718,0.0145,3,0.291,-11.322,1,0.718,120.989,5,0.492,39,70.0,2017,0
3vwqetWRrTEz67QBY5t6Tv,0.0699,0.69,157826,0.346,0.000104,1,0.195,-9.018,1,0.0361,91.997,4,0.397,45,63.0,2017,0
5c0Vl3yklw5WX9YI36dPLd,0.0288,0.803,219552,0.648,0.0,4,0.0904,-9.185,0,0.198,131.925,4,0.538,66,69.0,2017,0
0k7Qyc2J6cUryNNhf0pPEL,0.103,0.66,164623,0.544,0.000564,11,0.111,-9.44,0,0.06,140.103,4,0.313,61,85.0,2019,0
4jL8pSwnILNb9zCW2v6VGM,0.947,0.178,176482,0.166,0.924,4,0.0905,-16.207,0,0.0356,172.074,4,0.0369,3,69.0,2016,0
2gVAyyCHy4WkptDkcv1epN,0.151,0.749,214893,0.589,0.0,1,0.152,-7.577,1,0.0593,151.955,4,0.214,46,71.0,2019,0
4RcTovmTxoVKvc2Ueyn84G,0.0738,0.6,147227,0.608,0.0,5,0.108,-9.66,1,0.276,150.095,4,0.392,43,64.0,2017,0
1ALf749KCSoKhbNid8KbpP,0.0281,0.617,107990,0.475,0.0,0,0.109,-10.287,0,0.0654,158.005,4,0.386,0,30.5,2019,0
6u4xZnL4W0YSLXw24k2zlJ,0.168,0.848,196875,0.734,0.00331,11,0.0512,-5.072,1,0.0506,96.009,4,0.859,46,61.0,2016,0
2WiNuGZ8zSMYxBRI2QmEb1,0.0438,0.75,180000,0.81,0.0,4,0.0794,-9.464,0,0.0882,119.998,4,0.122,55,60.0,2016,0
2ScrwCtee5LnTrpQZfrxqJ,0.516,0.52,182280,0.589,1.15E-05,5,0.0613,-5.842,0,0.0304,63.024,4,0.447,44,75.0,2017,0
3iewHNu9JwaqcnySQIAivH,0.585,0.811,154906,0.517,0.0,4,0.361,-10.257,0,0.31,135.98,4,0.155,0,17.0,2019,0
4pM4yFNLj3pTiNXOZsWYxf,0.0735,0.812,165123,0.586,0.0,4,0.106,-6.505,0,0.0654,100.062,4,0.323,66,89.0,2018,0
2AxNJr4Q7e1b91wAtA7VKu,0.0469,0.848,187839,0.727,0.0,2,0.276,-4.801,1,0.105,77.002,4,0.578,52,91.0,2017,0
7u3nZIdTyF1KQ9atWIogyg,0.0332,0.661,130693,0.658,0.0464,6,0.315,-6.782,0,0.0303,147.991,4,0.6,47,61.0,2019,0
4yXndGb0fery9ZKavXRBz2,0.0237,0.634,130429,0.623,0.0,9,0.34,-8.542,0,0.259,149.98,4,0.655,0,17.0,2019,0
51tkEMpAkyzv1j6PqVeKqp,0.273,0.757,162105,0.659,0.0,8,0.0637,-5.733,1,0.0528,114.041,4,0.353,47,71.5,2019,0
4bi9YrkOvmg4Eb7h00AW2c,0.0252,0.832,189830,0.649,0.0,1,0.255,-6.781,0,0.482,76.01,4,0.699,62,89.33333333333330,2019,0
6Dqja51kHdm93TJGkX7T16,0.372,0.837,258552,0.57,0.0,2,0.0862,-5.221,1,0.0767,74.514,4,0.425,75,93.0,2019,0
4rBOlGhLgQXt2YGlxcwTWZ,0.138,0.736,150000,0.684,0.0,11,0.262,-7.779,0,0.0863,128.002,4,0.346,71,86.0,2019,0
3LGxef3inmn5jMLGDz9lqw,0.0415,0.69,223080,0.524,3.16E-06,6,0.17,-8.39,0,0.103,164.023,4,0.562,61,86.0,2016,0
0XPpkGBVE0QIOGSvW1nMEz,0.321,0.654,242464,0.64,0.039,3,0.157,-7.267,1,0.305,76.127,4,0.822,60,75.5,2019,0
3420nZEhm99I1bLc6Yx4XH,0.579,0.699,226666,0.808,7.16E-06,3,0.167,-5.926,1,0.0296,111.977,4,0.794,65,81.0,2018,0
1KzNsOkpQthVwpCJrADJEQ,0.067,0.745,184964,0.744,0.0,9,0.279,-5.56,1,0.254,162.965,4,0.451,67,84.0,2017,0
0lYBSQXN6rCTvUZvg9S0lU,0.0863,0.649,205946,0.716,2.63E-05,8,0.135,-5.371,1,0.0349,99.988,4,0.163,82,91.0,2016,0
2l620r2ax4UOf9AbQRqKPM,0.173,0.684,172382,0.501,1.62E-05,10,0.254,-8.977,1,0.0718,119.303,4,0.206,39,62.5,2018,0
5BbdKBZO0TH0GhfxUfyhL9,0.217,0.877,162053,0.517,0.0,2,0.143,-5.426,0,0.0706,119.996,4,0.255,75,92.0,2017,0
1pKeFVVUOPjFsOABub0OaV,0.0513,0.65,226160,0.736,0.0,6,0.235,-5.84,0,0.229,159.174,4,0.612,81,95.0,2016,0
3LYVkoxccwrtV3bD8jPsB5,0.00583,0.633,221538,0.891,0.139,6,0.142,-4.544,0,0.0644,116.945,4,0.641,28,68.0,2017,0
1UDCuS38KBxXufAkkNNgVX,0.206,0.666,216653,0.832,0.0,1,0.0868,-8.241,0,0.0387,97.018,4,0.76,54,79.0,2018,0
0qp8MuZNKelOGTK2HPlXBA,0.271,0.305,183120,0.668,3.8E-05,1,0.369,-9.404,1,0.222,163.314,5,0.128,65,88.0,2018,0
2EUNZfjPToKZIahK0WMLKd,0.0254,0.936,161013,0.495,0.0,1,0.087,-6.062,1,0.229,139.951,4,0.299,72,79.5,2018,0
2OaKHGvIxoOzIYjyMsxcT8,0.0536,0.914,241995,0.415,0.0,6,0.131,-10.708,1,0.464,135.03,4,0.646,69,92.5,2019,0
1n8wr8tRHs5jmBxNWXedcn,0.371,0.9,174335,0.385,0.0,1,0.142,-12.189,0,0.435,99.964,4,0.488,78,71.0,2018,0
7pas6O1LYbaeChEFQBhPFU,0.105,0.688,226397,0.658,1.89E-06,1,0.335,-4.155,1,0.0695,75.615,4,0.28,67,97.0,2016,0
7qY9GZdY7Vg9lsns2RFPmz,0.146,0.859,185391,0.648,0.0,5,0.144,-6.574,0,0.28,134.983,4,0.517,38,78.5,2019,0
4CwumbYOUtgSylJnSrZ7oY,0.548,0.685,177720,0.615,5.06E-06,6,0.169,-7.983,1,0.0387,137.932,4,0.717,61,87.0,2017,0
1FxTz4x5X7ewAICkKhB3kA,0.406,0.872,144770,0.48,0.0,10,0.109,-7.184,1,0.0664,121.013,4,0.61,78,92.0,2019,0
2KnyOcpbFmjawPwK6u8GXS,0.377,0.688,152189,0.799,2.79E-05,6,0.861,-7.322,1,0.0963,125.095,4,0.8,42,31.0,2019,0
4pdgV8qr9Oytcv6thCdiIZ,0.523,0.848,255413,0.663,0.0,8,0.108,-5.606,0,0.245,133.993,4,0.333,62,84.5,2017,0
15Nn5EEGQqlptGwiB2NVYV,0.112,0.76,206853,0.528,0.0,11,0.107,-7.474,1,0.0541,120.003,4,0.457,69,75.0,2018,0
0QzBRmLttMwyoqRoSmMIFN,0.00583,0.497,157172,0.79,0.0,11,0.347,-5.934,1,0.377,132.026,5,0.154,53,84.5,2019,0
7bIwWyTMQcfpW2MwRNCfiV,0.249,0.882,204643,0.372,0.0,7,0.1,-11.346,0,0.193,122.002,4,0.916,67,72.5,2018,0
1CFbMhxQjCT3OH3YLvBkNF,0.393,0.752,202080,0.64,0.0,10,0.175,-4.758,1,0.293,152.946,4,0.647,57,73.5,2019,0
26f6EiUnfdtFf6fg45HSYo,0.122,0.535,182023,0.685,0.325,4,0.142,-12.949,1,0.0455,120.573,4,0.477,29,53.333333333333300,2016,0
1NkwZ9TnIs8js6G0M6M7RU,0.0547,0.772,202480,0.744,0.0,7,0.0852,-5.803,1,0.0398,120.065,4,0.86,67,83.5,2017,0
6pbFJUa1z4wsd20WmTjHGn,0.0505,0.734,244573,0.605,0.0,9,0.253,-9.769,1,0.0589,129.903,4,0.371,66,78.0,2019,0
5uZm7EFtP5aoTJvx5gv9Xf,0.308,0.538,174192,0.52,0.0,7,0.214,-11.063,0,0.737,180.274,4,0.551,74,91.0,2016,0
4IO2X2YoXoUMv0M2rwomLC,0.284,0.472,211773,0.86,0.0,4,0.83,-3.967,0,0.0451,144.073,4,0.366,71,84.0,2018,0
48jKLs2qqEXKsQTmYHE0JD,0.365,0.653,232493,0.647,0.000355,1,0.12,-5.288,0,0.0844,146.024,4,0.785,55,75.0,2017,0
4vCAzANUWDE24URV6wQ4ra,0.197,0.514,233128,0.646,2.3E-05,1,0.0958,-8.833,1,0.275,88.661,4,0.297,79,97.0,2018,0
3aovO5W4cvJxV6MEUOYtnM,0.169,0.884,166440,0.709,0.0,3,0.136,-6.258,1,0.418,75.027,4,0.495,53,59.333333333333300,2017,0
1WsEgieHsWWndAzLkmV105,0.868,0.427,229425,0.123,3.12E-05,9,0.0732,-15.228,0,0.0497,129.565,5,0.0394,80,98.0,2017,0
3cUQUcDvzrbfSFXHpLvdXf,0.905,0.509,295026,0.267,0.00266,3,0.121,-5.654,1,0.0485,73.171,4,0.304,49,75.0,2017,0
7LZN7FkxHZk6maiN6NdI2i,0.109,0.604,180413,0.655,0.0019,9,0.125,-7.088,1,0.0273,115.038,4,0.59,67,69.0,2016,0
3LyNsopPP3hXf8bZBE7cDk,0.102,0.859,210333,0.424,0.0,10,0.327,-6.155,1,0.27,145.886,4,0.293,54,77.0,2017,0
3muBQDekYAg7jm6hDu6R0Z,0.171,0.587,254693,0.711,0.0,1,0.125,-6.33,1,0.42,98.008,4,0.381,75,78.0,2017,0
1fCeXjoRExPP2qwSBh2aST,0.0802,0.776,186945,0.736,0.0,7,0.159,-4.612,1,0.247,147.946,4,0.233,82,97.0,2018,0
2BsaECzKFhYT81E0uVZEv4,0.0487,0.363,196280,0.745,0.0,6,0.119,-3.705,1,0.185,174.064,4,0.481,0,95.0,2016,0
4AEzAEnbm9uRgbmTdeI63K,0.137,0.75,151574,0.567,0.0,0,0.109,-6.4,1,0.48,151.895,4,0.398,75,89.5,2019,0
0cqiehfcVFq3ISC3pO9zLE,0.305,0.704,204493,0.496,1.6E-06,9,0.0837,-4.636,1,0.0351,95.478,4,0.89,46,75.0,2017,0
12KG3DCYkxoMUAPWq1uFnw,0.292,0.725,279506,0.64,0.0,9,0.128,-5.627,0,0.0605,138.113,4,0.489,58,76.0,2016,0
55OdqrG8WLmsYyY1jijD9b,0.124,0.863,236293,0.576,0.0,5,0.143,-5.687,0,0.239,132.054,4,0.832,67,93.0,2016,0
68wgJwKBLdHjqQPyZI8JWA,0.228,0.868,223653,0.582,0.0,10,0.125,-7.027,0,0.369,97.008,4,0.502,60,81.0,2018,0
14BKLVOsUwAbk1S1x8vmgt,0.298,0.612,189702,0.722,0.0,5,0.0903,-7.498,0,0.0401,146.995,4,0.604,50,75.0,2019,0
6H4vsxNsm2NsV8pBAb5WnU,0.155,0.535,188715,0.749,0.0,1,0.308,-5.082,1,0.508,89.895,4,0.427,53,83.5,2019,0
0S0vWvyZ6Rc79TXkWxT9QA,0.0262,0.534,231546,0.583,0.0,2,0.421,-8.672,1,0.0288,105.997,4,0.145,82,88.0,2017,0
0UgavZ34yLBu8LtA6Bwxch,0.591,0.794,231333,0.448,0.0,10,0.109,-4.771,0,0.0539,120.055,4,0.588,62,79.0,2018,0
23dwrzeJtEEGl2U4CPWSor,0.17,0.545,131674,0.975,0.0,10,0.145,-3.193,0,0.454,123.906,5,0.609,68,83.25,2018,0
5mmEDGjJlUe1IlxsWUyS9K,0.118,0.568,254138,0.724,0.0,0,0.117,-4.651,1,0.185,170.062,4,0.59,58,75.5,2019,0
2rFXS1iNJqCUrcU21fJfe7,0.0474,0.873,162400,0.452,0.0,0,0.0495,-7.124,0,0.369,77.031,4,0.585,68,84.0,2019,0
53LWnHbfoBuARHoAtEwrBY,0.164,0.565,238293,0.475,0.000382,5,0.0861,-5.038,1,0.0319,144.764,4,0.7,46,75.0,2017,0
671qmOyhzkza64D9fMhN7k,0.0899,0.718,189053,0.661,0.0,6,0.133,-7.991,0,0.131,145.877,4,0.49,69,71.0,2019,0
5nayhWICkQGMTkisxVMbRw,0.0967,0.755,193973,0.552,0.0,9,0.158,-5.604,1,0.288,153.157,4,0.402,73,84.0,2018,0
19a3JfW8BQwqHWUMbcqSx8,0.0711,0.465,196040,0.735,0.0,6,0.0975,-3.715,1,0.117,173.935,4,0.409,75,95.0,2016,0
4XRABck4iyZrh5yJ7nOWOi,0.105,0.955,144337,0.483,0.0,6,0.103,-8.731,1,0.487,130.003,4,0.624,56,83.33333333333330,2019,0
3i1B1PnsfnOQPGVIzhf1lr,0.11,0.723,199746,0.732,0.0,11,0.484,-5.514,1,0.0864,104.991,4,0.503,74,86.66666666666670,2017,0
3uW1lWgdTN494vIxu3R9Or,0.00333,0.909,200733,0.414,3.4E-06,1,0.114,-7.316,1,0.3,146.004,4,0.138,65,81.66666666666670,2019,0
04PlDleRVRIRPfyuGrIHf3,0.0691,0.595,251715,0.682,0.0,10,0.119,-7.489,0,0.256,143.895,4,0.464,20,58.0,2018,0
1cZlBZwnwGPtYeRIeQcoFh,0.0737,0.769,216945,0.569,0.0,1,0.0571,-5.591,0,0.0786,146.062,4,0.612,72,97.0,2016,0
24NbwTMfsr94HSKyMMd8LB,0.687,0.461,215569,0.369,0.000106,2,0.0794,-9.147,1,0.0319,145.765,4,0.383,37,58.0,2017,0
6A4Jc8npNo79BOgsrPptLA,0.0409,0.767,237760,0.712,8.08E-05,1,0.132,-4.128,0,0.0324,124.091,4,0.804,70,58.0,2017,0
79Jhw5xn4gGn6PZak275gg,0.134,0.776,228466,0.684,0.0,11,0.254,-4.95,1,0.0511,91.003,4,0.658,68,89.0,2016,0
1o5jdqnWybW9Mau4GDWPMa,0.125,0.872,241453,0.639,0.0,8,0.144,-5.658,0,0.103,111.968,4,0.469,52,93.0,2016,0
7kF3x1XJXGcgQWFemulw4q,0.731,0.602,194853,0.377,0.0,11,0.0808,-6.213,1,0.0446,73.877,4,0.518,78,66.0,2018,0
7qqOmEfeTPgjBsm1Qm98eg,0.0167,0.4,171899,0.705,0.0,0,0.115,-5.238,1,0.0484,90.047,3,0.294,54,65.0,2016,0
22zRzwWJp3gfM1O00CsRGm,0.215,0.525,293853,0.562,4.01E-05,3,0.0902,-6.819,0,0.0302,90.044,4,0.141,48,71.0,2018,0
0mZeAC9hxd9x5mZaMoOyns,0.116,0.638,100675,0.462,0.0,1,0.107,-10.797,1,0.0474,155.039,4,0.362,0,43.0,2018,0
7jhL2RfMJYjbU36vYcmpOR,0.0709,0.876,136010,0.339,0.0,1,0.0534,-8.909,0,0.307,80.094,4,0.605,48,66.0,2017,0
0wXuerDYiBnERgIpbb3JBR,0.167,0.743,326933,0.347,0.00951,1,0.103,-11.174,1,0.121,160.143,4,0.572,83,82.0,2016,0
7jYUaoOfdcYgUvkK8NnFfx,0.0324,0.649,162626,0.883,0.0185,7,0.0658,-5.058,1,0.0306,135.141,4,0.779,67,81.0,2018,0
6EyCS0GnZYy9CKBHxSeoC4,0.0148,0.309,153643,0.391,0.0,8,0.117,-9.068,1,0.0414,124.789,4,0.0438,51,75.0,2018,0
2Fr62Hoy2F3A0OfMPa7gxK,0.0413,0.915,150148,0.701,0.0,3,0.161,-5.176,0,0.307,89.998,4,0.68,51,83.0,2019,0
5A7FKtfUqykPsmQ1wMZLDo,0.671,0.745,255214,0.344,0.607,9,0.129,-11.841,0,0.0302,99.997,4,0.24,51,50.0,2018,0
4cbF3gEX2IZfvt58zQXqvN,0.00721,0.898,192640,0.428,0.13,9,0.0975,-7.465,1,0.0813,99.997,4,0.501,52,87.5,2019,0
0UvBmQOhu4DVXJtdzGc5eV,0.548,0.744,139567,0.549,0.0,9,0.137,-6.041,0,0.0387,110.004,4,0.277,71,86.5,2019,0
0uxSUdBrJy9Un0EYoBowng,0.109,0.773,220586,0.75,0.0,8,0.174,-4.009,0,0.117,123.426,4,0.783,81,90.0,2017,0
6K2anECyrckidwf5wxS78Q,0.0515,0.769,139845,0.807,0.0,11,0.111,-2.966,1,0.306,82.422,4,0.364,67,87.5,2018,0
4SWWe2OYC4mqf40Gc2RSdl,0.036,0.926,224002,0.454,0.000422,6,0.0896,-9.932,1,0.0732,119.969,4,0.34,78,88.0,2018,0
19m3E0nMZobyA93AxMXC32,0.0811,0.631,192859,0.672,0.0,11,0.154,-4.583,1,0.0347,119.948,4,0.282,74,97.0,2018,0
6O5plClCxL4fZFgsMRAYgT,0.528,0.684,213028,0.609,0.0,1,0.132,-8.638,1,0.0787,145.077,4,0.249,57,86.0,2016,0
3DPFmwFtV5ElQaTniLOdgk,0.569,0.956,268333,0.373,0.394,6,0.314,-7.963,1,0.0773,119.994,4,0.568,71,69.0,2018,0
4jKRHeO3jNOpkUfyj0izd8,0.751,0.752,165786,0.322,0.0,4,0.149,-11.909,0,0.0884,139.052,3,0.525,37,58.0,2018,0
0tWjhdsUO7tJwiWvG2dWw5,0.0877,0.623,167157,0.599,0.0,10,0.11,-8.496,0,0.0343,148.077,4,0.56,56,69.66666666666670,2017,0
0BU7nIcCZxYSE0hYcc5oZz,0.0237,0.665,196336,0.706,0.0,8,0.112,-6.859,0,0.0958,147.067,4,0.632,70,85.0,2016,0
6jZpJ2ICWIbQaocjFHXnMj,0.16,0.53,147813,0.405,0.0,8,0.0534,-12.614,1,0.397,84.604,5,0.577,67,86.0,2019,0
4D1eVq5AUILwjg3tAe7o6M,0.0214,0.344,244720,0.843,0.00345,1,0.189,-3.711,0,0.0422,97.5,4,0.219,66,80.0,2019,0
2UddqZf8ikiIaXz5af4nKJ,0.0136,0.447,221888,0.834,0.0212,2,0.208,-5.944,1,0.0333,180.007,4,0.203,21,30.5,2019,0
4hanO6Du5J7QEguNHYZHmw,0.07,0.869,151146,0.59,0.0,11,0.236,-8.214,1,0.257,107.934,4,0.479,81,82.0,2019,0
4LfBd2MCcHRVuJCnYJHmtO,0.238,0.771,254066,0.467,0.000178,0,0.107,-9.875,0,0.155,99.956,4,0.339,54,80.0,2018,0
459y3LP2W3xssNpUBNJjCa,0.0511,0.631,109557,0.637,0.0,5,0.12,-6.049,0,0.0698,79.927,4,0.571,50,49.0,2018,0
0PDwNx6GrHc5sRVy6Hc7GP,0.0483,0.919,146426,0.535,0.0,5,0.102,-5.944,0,0.093,117.957,4,0.197,58,76.6,2017,0
4Rs00gcMnDVfivMHXdiHHc,0.0494,0.651,205301,0.654,0.0,4,0.236,-6.988,0,0.0348,81.537,4,0.392,56,69.0,2018,0
1CHhAINmT48RpXE5owAo3Q,0.319,0.822,186784,0.598,0.0,4,0.109,-6.804,0,0.37,176.046,4,0.595,62,87.0,2019,0
0JhonNQL2ixH1JcsgEj4Hn,0.221,0.65,223120,0.778,0.0,1,0.0695,-4.226,0,0.134,141.849,4,0.6,71,78.0,2019,0
4XkOcWt0C2JX1s2RXybosk,0.0951,0.812,268114,0.648,0.0,2,0.11,-4.994,1,0.0887,130.022,4,0.246,61,79.25,2016,0
79PaeaCZXyeu2C5XeSBzIv,0.00907,0.7,262885,0.735,0.0,9,0.764,-2.356,0,0.0576,124.058,4,0.349,55,84.33333333333330,2018,0
45n3LVE9bKMBU50FF77yuC,0.0902,0.587,274395,0.851,0.651,6,0.447,-7.588,0,0.0426,81.578,4,0.97,14,52.0,2018,0
79yScU3wNnv2yPF3awYqnU,0.807,0.402,199052,0.378,0.0,1,0.242,-8.682,0,0.0436,73.262,4,0.317,70,85.0,2019,0
50wH3SEmNbxhGNumoq5i9E,0.465,0.836,174124,0.578,0.0,4,0.198,-8.344,0,0.295,102.087,4,0.642,18,88.0,2018,0
7lXD3GCpTzfdEZ3Yiskata,0.948,0.476,55506,0.844,0.0101,4,0.271,-9.736,1,0.652,120.041,5,0.511,39,70.0,2017,0
29oQlTERHAlTPHEYw5xvZy,0.0223,0.631,185491,0.67,0.138,3,0.358,-9.829,1,0.0622,144.983,4,0.0611,65,64.0,2017,0
66KpXx8puZqlYbWHNsv1rM,0.285,0.71,128741,0.521,0.0,6,0.112,-9.882,0,0.0888,150.056,4,0.591,0,43.0,2018,0
3Cqc3fcPm2GATmy7tJLqar,0.0235,0.646,227603,0.868,0.0,9,0.104,-4.243,1,0.0449,130.989,4,0.735,13,19.0,2019,0
6nKqHoXXuoCWM9o58l8WRK,0.153,0.823,188753,0.449,7.89E-06,8,0.138,-12.356,1,0.24,159.953,4,0.367,0,17.0,2019,0
5TnLXSd4h6G06Fbt2ApOpa,0.0899,0.857,162400,0.583,0.0,1,0.204,-7.466,0,0.086,132.01,4,0.443,72,95.0,2019,0
15URtd3NqHhTdIj7vxAEnW,0.0963,0.802,210000,0.532,0.0,9,0.493,-7.385,0,0.221,120.016,4,0.585,50,71.0,2019,0
0FFp3spjvQYEpYGM2Bjnb7,0.0231,0.875,158269,0.536,0.0,10,0.0797,-8.967,0,0.406,140.071,3,0.909,0,63.0,2019,0
5vrs0MaYhtSk8bcAy9WrvF,0.282,0.615,178128,0.308,5.41E-06,1,0.0956,-16.332,1,0.357,161.857,4,0.261,15,43.0,2018,0